timestamp,channel_index,channel,setpoint,actual,error,command,kp,ki,kd,output_on,control_enabled,dry_run,armed,pid_enabled,status,interlocked,ok,message
1785208339.246605,0,TC1,100.000000,0.000000,100.000000,10.000000,0.800000,0.050000,0.000000,True,True,False,True,True,Disabled,False,True,Safety checks passed
1785208339.370727,0,TC1,100.000000,3.434124,96.565876,20.000000,0.800000,0.050000,0.000000,True,True,False,True,True,Ready,False,True,Safety checks passed
1785208339.498720,0,TC1,100.000000,11.791082,88.208918,30.000000,0.800000,0.050000,0.000000,True,True,False,True,True,Ready,False,True,Safety checks passed
1785208339.623728,0,TC1,100.000000,18.104279,81.895721,40.000000,0.800000,0.050000,0.000000,True,True,False,True,True,Ready,False,True,Safety checks passed
1785208339.752603,0,TC1,100.000000,29.310311,70.689689,50.000000,0.800000,0.050000,0.000000,True,True,False,True,True,Ready,False,True,Safety checks passed
1785208339.882972,0,TC1,100.000000,38.993532,61.006468,51.989047,0.800000,0.050000,0.000000,True,True,False,True,True,Ready,False,True,Safety checks passed
1785208340.006027,0,TC1,100.000000,44.138678,55.861322,48.219126,0.800000,0.050000,0.000000,True,True,False,True,True,Ready,False,True,Safety checks passed
1785208340.149067,0,TC1,100.000000,46.055846,53.944154,47.068913,0.800000,0.050000,0.000000,True,True,False,True,True,Ready,False,True,Safety checks passed
1785208340.277026,0,TC1,100.000000,46.532075,53.467925,47.030333,0.800000,0.050000,0.000000,True,True,False,True,True,Ready,False,True,Safety checks passed
1785208340.417957,0,TC1,100.000000,46.728793,53.271207,47.249884,0.800000,0.050000,0.000000,True,True,False,True,True,Ready,False,True,Safety checks passed
1785208340.543059,0,TC1,100.000000,46.970979,53.029021,47.390757,0.800000,0.050000,0.000000,True,True,False,True,True,Ready,False,True,Safety checks passed
1785208340.668764,0,TC1,100.000000,47.135466,52.864534,47.590996,0.800000,0.050000,0.000000,True,True,False,True,True,Ready,False,True,Safety checks passed
1785208340.797735,0,TC1,100.000000,47.350741,52.649259,47.756297,0.800000,0.050000,0.000000,True,True,False,True,True,Ready,False,True,Safety checks passed
1785208340.906921,0,TC1,100.000000,47.490382,52.509618,47.933208,0.800000,0.050000,0.000000,True,True,False,True,True,Ready,False,True,Safety checks passed
1785208341.049906,0,TC1,100.000000,47.714697,52.285303,48.125129,0.800000,0.050000,0.000000,True,True,False,True,True,Ready,False,True,Safety checks passed
1785208341.175905,0,TC1,100.000000,47.906486,52.093514,48.300193,0.800000,0.050000,0.000000,True,True,False,True,True,Ready,False,True,Safety checks passed
1785208341.317735,0,TC1,100.000000,48.060758,51.939242,48.542272,0.800000,0.050000,0.000000,True,True,False,True,True,Ready,False,True,Safety checks passed
1785208341.444699,0,TC1,100.000000,48.285593,51.714407,48.692911,0.800000,0.050000,0.000000,True,True,False,True,True,Ready,False,True,Safety checks passed
1785208341.570253,0,TC1,100.000000,48.447527,51.552473,48.889761,0.800000,0.050000,0.000000,True,True,False,True,True,Ready,False,True,Safety checks passed
1785208341.698435,0,TC1,100.000000,48.656601,51.343399,49.051574,0.800000,0.050000,0.000000,True,True,False,True,True,Ready,False,True,Safety checks passed
1785208341.824584,0,TC1,100.000000,48.841417,51.158583,49.226388,0.800000,0.050000,0.000000,True,True,False,True,True,Ready,False,True,Safety checks passed
1785208341.951510,0,TC1,100.000000,48.992579,51.007421,49.427008,0.800000,0.050000,0.000000,True,True,False,True,True,Ready,False,True,Safety checks passed
1785208342.077925,0,TC1,100.000000,49.196990,50.803010,49.586575,0.800000,0.050000,0.000000,True,True,False,True,True,Ready,False,True,Safety checks passed
1785208342.205108,0,TC1,100.000000,49.350559,50.649441,49.783586,0.800000,0.050000,0.000000,True,True,False,True,True,Ready,False,True,Safety checks passed
1785208342.333103,0,TC1,100.000000,49.555037,50.444963,49.943622,0.800000,0.050000,0.000000,True,True,False,True,True,Ready,False,True,Safety checks passed
1785208342.458647,0,TC1,100.000000,49.687827,50.312173,50.154595,0.800000,0.050000,0.000000,True,True,False,True,True,Ready,False,True,Safety checks passed
1785208342.584732,0,TC1,100.000000,49.925641,50.074359,50.280110,0.800000,0.050000,0.000000,True,True,False,True,True,Ready,False,True,Safety checks passed
1785208342.713232,0,TC1,100.000000,50.048163,49.951837,50.500959,0.800000,0.050000,0.000000,True,True,False,True,True,Ready,False,True,Safety checks passed
1785208342.838236,0,TC1,100.000000,50.278699,49.721301,50.629411,0.800000,0.050000,0.000000,True,True,False,True,True,Ready,False,True,Safety checks passed
1785208342.976411,0,TC1,100.000000,50.439079,49.560921,50.843510,0.800000,0.050000,0.000000,True,True,False,True,True,Ready,False,True,Safety checks passed
1785208343.102464,0,TC1,100.000000,50.596370,49.403630,51.026808,0.800000,0.050000,0.000000,True,True,False,True,True,Ready,False,True,Safety checks passed
1785208343.244528,0,TC1,100.000000,50.799900,49.200100,51.215701,0.800000,0.050000,0.000000,True,True,False,True,True,Ready,False,True,Safety checks passed
1785208343.370865,0,TC1,100.000000,50.963257,49.036743,51.394606,0.800000,0.050000,0.000000,True,True,False,True,True,Ready,False,True,Safety checks passed
1785208343.497072,0,TC1,100.000000,51.164238,48.835762,51.542155,0.800000,0.050000,0.000000,True,True,False,True,True,Ready,False,True,Safety checks passed
1785208343.626104,0,TC1,100.000000,51.295467,48.704533,51.749295,0.800000,0.050000,0.000000,True,True,False,True,True,Ready,False,True,Safety checks passed
1785208343.750655,0,TC1,100.000000,51.526078,48.473922,51.866762,0.800000,0.050000,0.000000,True,True,False,True,True,Ready,False,True,Safety checks passed
1785208343.877391,0,TC1,100.000000,51.684965,48.315035,52.046545,0.800000,0.050000,0.000000,True,True,False,True,True,Ready,False,True,Safety checks passed
1785208344.003436,0,TC1,100.000000,51.827068,48.172932,52.235525,0.800000,0.050000,0.000000,True,True,False,True,True,Ready,False,True,Safety checks passed
1785208344.144379,0,TC1,100.000000,52.016718,47.983282,52.422067,0.800000,0.050000,0.000000,True,True,False,True,True,Ready,False,True,Safety checks passed
1785208344.269192,0,TC1,100.000000,52.175504,47.824496,52.595573,0.800000,0.050000,0.000000,True,True,False,True,True,Ready,False,True,Safety checks passed
1785208344.397193,0,TC1,100.000000,52.374123,47.625877,52.741392,0.800000,0.050000,0.000000,True,True,False,True,True,Ready,False,True,Safety checks passed
1785208344.524189,0,TC1,100.000000,52.499299,47.500701,52.941042,0.800000,0.050000,0.000000,True,True,False,True,True,Ready,False,True,Safety checks passed
1785208344.649902,0,TC1,100.000000,52.723800,47.276200,53.058513,0.800000,0.050000,0.000000,True,True,False,True,True,Ready,False,True,Safety checks passed
1785208344.777206,0,TC1,100.000000,52.881387,47.118613,53.232543,0.800000,0.050000,0.000000,True,True,False,True,True,Ready,False,True,Safety checks passed
1785208344.903180,0,TC1,100.000000,53.020359,46.979641,53.419204,0.800000,0.050000,0.000000,True,True,False,True,True,Ready,False,True,Safety checks passed
1785208345.043758,0,TC1,100.000000,53.204654,46.795346,53.598775,0.800000,0.050000,0.000000,True,True,False,True,True,Ready,False,True,Safety checks passed
1785208345.169756,0,TC1,100.000000,53.359822,46.640178,53.770427,0.800000,0.050000,0.000000,True,True,False,True,True,Ready,False,True,Safety checks passed
1785208345.295286,0,TC1,100.000000,53.551744,46.448256,53.908324,0.800000,0.050000,0.000000,True,True,False,True,True,Ready,False,True,Safety checks passed
1785208345.421920,0,TC1,100.000000,53.691946,46.308054,54.089227,0.800000,0.050000,0.000000,True,True,False,True,True,Ready,False,True,Safety checks passed
1785208345.549926,0,TC1,100.000000,53.878656,46.121344,54.233012,0.800000,0.050000,0.000000,True,True,False,True,True,Ready,False,True,Safety checks passed
1785208345.691182,0,TC1,100.000000,54.044281,45.955719,54.425921,0.800000,0.050000,0.000000,True,True,False,True,True,Ready,False,True,Safety checks passed
1785208345.817099,0,TC1,100.000000,54.193842,45.806158,54.593672,0.800000,0.050000,0.000000,True,True,False,True,True,Ready,False,True,Safety checks passed
1785208345.945092,0,TC1,100.000000,54.381972,45.618028,54.735923,0.800000,0.050000,0.000000,True,True,False,True,True,Ready,False,True,Safety checks passed
1785208346.072108,0,TC1,100.000000,54.522265,45.477735,54.911827,0.800000,0.050000,0.000000,True,True,False,True,True,Ready,False,True,Safety checks passed
1785208346.197438,0,TC1,100.000000,54.704436,45.295564,55.052103,0.800000,0.050000,0.000000,True,True,False,True,True,Ready,False,True,Safety checks passed
1785208346.324639,0,TC1,100.000000,54.867941,45.132059,55.208239,0.800000,0.050000,0.000000,True,True,False,True,True,Ready,False,True,Safety checks passed
1785208346.451623,0,TC1,100.000000,55.002627,44.997373,55.386438,0.800000,0.050000,0.000000,True,True,False,True,True,Ready,False,True,Safety checks passed
1785208346.577650,0,TC1,100.000000,55.181984,44.818016,55.525272,0.800000,0.050000,0.000000,True,True,False,True,True,Ready,False,True,Safety checks passed
1785208346.689624,0,TC1,100.000000,55.317929,44.682071,55.664887,0.800000,0.050000,0.000000,True,True,False,True,True,Ready,False,True,Safety checks passed
1785208346.814631,0,TC1,100.000000,55.436016,44.563984,55.850649,0.800000,0.050000,0.000000,True,True,False,True,True,Ready,False,True,Safety checks passed
1785208346.955727,0,TC1,100.000000,55.645944,44.354056,55.995470,0.800000,0.050000,0.000000,True,True,False,True,True,Ready,False,True,Safety checks passed
1785208347.084623,0,TC1,100.000000,55.811229,44.188771,56.146309,0.800000,0.050000,0.000000,True,True,False,True,True,Ready,False,True,Safety checks passed
1785208347.211727,0,TC1,100.000000,55.927429,44.072571,56.335381,0.800000,0.050000,0.000000,True,True,False,True,True,Ready,False,True,Safety checks passed
1785208347.335910,0,TC1,100.000000,56.133361,43.866639,56.442795,0.800000,0.050000,0.000000,True,True,False,True,True,Ready,False,True,Safety checks passed
1785208347.464392,0,TC1,100.000000,56.240303,43.759697,56.636564,0.800000,0.050000,0.000000,True,True,False,True,True,Ready,False,True,Safety checks passed
1785208347.593950,0,TC1,100.000000,56.427095,43.572905,56.765990,0.800000,0.050000,0.000000,True,True,False,True,True,Ready,False,True,Safety checks passed
1785208347.732282,0,TC1,100.000000,56.598299,43.401701,56.932631,0.800000,0.050000,0.000000,True,True,False,True,True,Ready,False,True,Safety checks passed
1785208347.873672,0,TC1,100.000000,56.712700,43.287300,57.146988,0.800000,0.050000,0.000000,True,True,False,True,True,Ready,False,True,Safety checks passed
1785208347.997755,0,TC1,100.000000,56.932648,43.067352,57.240338,0.800000,0.050000,0.000000,True,True,False,True,True,Ready,False,True,Safety checks passed
1785208348.136757,0,TC1,100.000000,57.086233,42.913767,57.415509,0.800000,0.050000,0.000000,True,True,False,True,True,Ready,False,True,Safety checks passed
1785208348.279634,0,TC1,100.000000,57.240864,42.759136,57.597315,0.800000,0.050000,0.000000,True,True,False,True,True,Ready,False,True,Safety checks passed
1785208348.420779,0,TC1,100.000000,57.362763,42.637237,57.800789,0.800000,0.050000,0.000000,True,True,False,True,True,Ready,False,True,Safety checks passed
1785208348.547186,0,TC1,100.000000,57.585449,42.414551,57.890754,0.800000,0.050000,0.000000,True,True,False,True,True,Ready,False,True,Safety checks passed
1785208348.658921,0,TC1,100.000000,57.691137,42.308863,58.042518,0.800000,0.050000,0.000000,True,True,False,True,True,Ready,False,True,Safety checks passed
1785208348.800590,0,TC1,100.000000,57.869303,42.130697,58.196931,0.800000,0.050000,0.000000,True,True,False,True,True,Ready,False,True,Safety checks passed
1785208348.927200,0,TC1,100.000000,58.022105,41.977895,58.339988,0.800000,0.050000,0.000000,True,True,False,True,True,Ready,False,True,Safety checks passed
1785208349.053652,0,TC1,100.000000,58.148341,41.851659,58.505487,0.800000,0.050000,0.000000,True,True,False,True,True,Ready,False,True,Safety checks passed
1785208349.194644,0,TC1,100.000000,58.315230,41.684770,58.665796,0.800000,0.050000,0.000000,True,True,False,True,True,Ready,False,True,Safety checks passed
1785208349.319900,0,TC1,100.000000,58.451087,41.548913,58.817311,0.800000,0.050000,0.000000,True,True,False,True,True,Ready,False,True,Safety checks passed
1785208349.447894,0,TC1,100.000000,58.623149,41.376851,58.942893,0.800000,0.050000,0.000000,True,True,False,True,True,Ready,False,True,Safety checks passed
1785208349.574396,0,TC1,100.000000,58.732503,41.267497,59.116427,0.800000,0.050000,0.000000,True,True,False,True,True,Ready,False,True,Safety checks passed
1785208349.700348,0,TC1,100.000000,58.928065,41.071935,59.219019,0.800000,0.050000,0.000000,True,True,False,True,True,Ready,False,True,Safety checks passed
1785208349.826844,0,TC1,100.000000,59.065193,40.934807,59.369805,0.800000,0.050000,0.000000,True,True,False,True,True,Ready,False,True,Safety checks passed
1785208349.952585,0,TC1,100.000000,59.183602,40.816398,59.530187,0.800000,0.050000,0.000000,True,True,False,True,True,Ready,False,True,Safety checks passed
1785208350.091722,0,TC1,100.000000,59.344927,40.655073,59.685312,0.800000,0.050000,0.000000,True,True,False,True,True,Ready,False,True,Safety checks passed
1785208350.218071,0,TC1,100.000000,59.476429,40.523571,59.834428,0.800000,0.050000,0.000000,True,True,False,True,True,Ready,False,True,Safety checks passed
1785208350.345394,0,TC1,100.000000,59.645014,40.354986,59.956512,0.800000,0.050000,0.000000,True,True,False,True,True,Ready,False,True,Safety checks passed
1785208350.487332,0,TC1,100.000000,59.803651,40.196349,60.114796,0.800000,0.050000,0.000000,True,True,False,True,True,Ready,False,True,Safety checks passed
1785208350.613491,0,TC1,100.000000,59.910715,40.089285,60.281923,0.800000,0.050000,0.000000,True,True,False,True,True,Ready,False,True,Safety checks passed
1785208350.738487,0,TC1,100.000000,60.098028,39.901972,60.381754,0.800000,0.050000,0.000000,True,True,False,True,True,Ready,False,True,Safety checks passed
1785208350.865064,0,TC1,100.000000,60.196043,39.803957,60.556886,0.800000,0.050000,0.000000,True,True,False,True,True,Ready,False,True,Safety checks passed
1785208350.992991,0,TC1,100.000000,60.365628,39.634372,60.672889,0.800000,0.050000,0.000000,True,True,False,True,True,Ready,False,True,Safety checks passed
1785208351.119617,0,TC1,100.000000,60.486776,39.513224,60.826693,0.800000,0.050000,0.000000,True,True,False,True,True,Ready,False,True,Safety checks passed
1785208351.244071,0,TC1,100.000000,60.645489,39.354511,60.945739,0.800000,0.050000,0.000000,True,True,False,True,True,Ready,False,True,Safety checks passed
1785208351.372308,0,TC1,100.000000,60.764122,39.235878,61.100887,0.800000,0.050000,0.000000,True,True,False,True,True,Ready,False,True,Safety checks passed
1785208351.498241,0,TC1,100.000000,60.921614,39.078386,61.220862,0.800000,0.050000,0.000000,True,True,False,True,True,Ready,False,True,Safety checks passed
1785208351.623743,0,TC1,100.000000,61.024315,38.975685,61.385070,0.800000,0.050000,0.000000,True,True,False,True,True,Ready,False,True,Safety checks passed
1785208351.735736,0,TC1,100.000000,61.209385,38.790615,61.454143,0.800000,0.050000,0.000000,True,True,False,True,True,Ready,False,True,Safety checks passed
1785208351.861978,0,TC1,100.000000,61.293324,38.706676,61.631514,0.800000,0.050000,0.000000,True,True,False,True,True,Ready,False,True,Safety checks passed
1785208351.987970,0,TC1,100.000000,61.465243,38.534757,61.736857,0.800000,0.050000,0.000000,True,True,False,True,True,Ready,False,True,Safety checks passed
1785208352.115916,0,TC1,100.000000,61.558543,38.441457,61.906509,0.800000,0.050000,0.000000,True,True,False,True,True,Ready,False,True,Safety checks passed
1785208352.243430,0,TC1,100.000000,61.722591,38.277409,62.018989,0.800000,0.050000,0.000000,True,True,False,True,True,Ready,False,True,Safety checks passed
1785208352.369808,0,TC1,100.000000,61.840107,38.159893,62.167875,0.800000,0.050000,0.000000,True,True,False,True,True,Ready,False,True,Safety checks passed
1785208352.495914,0,TC1,100.000000,61.994143,38.005857,62.284323,0.800000,0.050000,0.000000,True,True,False,True,True,Ready,False,True,Safety checks passed
1785208352.621353,0,TC1,100.000000,62.092660,37.907340,62.443351,0.800000,0.050000,0.000000,True,True,False,True,True,Ready,False,True,Safety checks passed
1785208352.749709,0,TC1,100.000000,62.271500,37.728500,62.540826,0.800000,0.050000,0.000000,True,True,False,True,True,Ready,False,True,Safety checks passed
1785208352.874686,0,TC1,100.000000,62.397356,37.602644,62.676788,0.800000,0.050000,0.000000,True,True,False,True,True,Ready,False,True,Safety checks passed
1785208353.001681,0,TC1,100.000000,62.507055,37.492945,62.825661,0.800000,0.050000,0.000000,True,True,False,True,True,Ready,False,True,Safety checks passed
1785208353.129125,0,TC1,100.000000,62.657149,37.342851,62.943415,0.800000,0.050000,0.000000,True,True,False,True,True,Ready,False,True,Safety checks passed
1785208353.254642,0,TC1,100.000000,62.769092,37.230908,63.087434,0.800000,0.050000,0.000000,True,True,False,True,True,Ready,False,True,Safety checks passed
1785208353.380544,0,TC1,100.000000,62.918682,37.081318,63.202738,0.800000,0.050000,0.000000,True,True,False,True,True,Ready,False,True,Safety checks passed
1785208353.508096,0,TC1,100.000000,63.016750,36.983250,63.358819,0.800000,0.050000,0.000000,True,True,False,True,True,Ready,False,True,Safety checks passed
1785208353.633355,0,TC1,100.000000,63.190366,36.809634,63.451822,0.800000,0.050000,0.000000,True,True,False,True,True,Ready,False,True,Safety checks passed
1785208353.759964,0,TC1,100.000000,63.279942,36.720058,63.612623,0.800000,0.050000,0.000000,True,True,False,True,True,Ready,False,True,Safety checks passed
1785208353.886153,0,TC1,100.000000,63.448755,36.551245,63.706500,0.800000,0.050000,0.000000,True,True,False,True,True,Ready,False,True,Safety checks passed
1785208354.012142,0,TC1,100.000000,63.538150,36.461850,63.866441,0.800000,0.050000,0.000000,True,True,False,True,True,Ready,False,True,Safety checks passed
1785208354.140136,0,TC1,100.000000,63.705329,36.294671,63.963346,0.800000,0.050000,0.000000,True,True,False,True,True,Ready,False,True,Safety checks passed
1785208354.280356,0,TC1,100.000000,63.824665,36.175335,64.121304,0.800000,0.050000,0.000000,True,True,False,True,True,Ready,False,True,Safety checks passed
1785208354.405456,0,TC1,100.000000,63.941165,36.058835,64.255374,0.800000,0.050000,0.000000,True,True,False,True,True,Ready,False,True,Safety checks passed
1785208354.533387,0,TC1,100.000000,64.088808,35.911192,64.365413,0.800000,0.050000,0.000000,True,True,False,True,True,Ready,False,True,Safety checks passed
1785208354.661447,0,TC1,100.000000,64.184785,35.815215,64.518041,0.800000,0.050000,0.000000,True,True,False,True,True,Ready,False,True,Safety checks passed
1785208354.786905,0,TC1,100.000000,64.354895,35.645105,64.607283,0.800000,0.050000,0.000000,True,True,False,True,True,Ready,False,True,Safety checks passed
1785208354.913336,0,TC1,100.000000,64.441298,35.558702,64.762784,0.800000,0.050000,0.000000,True,True,False,True,True,Ready,False,True,Safety checks passed
1785208355.039368,0,TC1,100.000000,64.605012,35.394988,64.854947,0.800000,0.050000,0.000000,True,True,False,True,True,Ready,False,True,Safety checks passed
1785208355.165345,0,TC1,100.000000,64.690164,35.309836,65.009084,0.800000,0.050000,0.000000,True,True,False,True,True,Ready,False,True,Safety checks passed
1785208355.292573,0,TC1,100.000000,64.839370,35.160630,65.112018,0.800000,0.050000,0.000000,True,True,False,True,True,Ready,False,True,Safety checks passed
1785208355.418689,0,TC1,100.000000,64.947248,35.052752,65.248210,0.800000,0.050000,0.000000,True,True,False,True,True,Ready,False,True,Safety checks passed
1785208355.545998,0,TC1,100.000000,65.088247,34.911753,65.356234,0.800000,0.050000,0.000000,True,True,False,True,True,Ready,False,True,Safety checks passed
1785208355.672373,0,TC1,100.000000,65.180585,34.819415,65.503904,0.800000,0.050000,0.000000,True,True,False,True,True,Ready,False,True,Safety checks passed
1785208355.813401,0,TC1,100.000000,65.346176,34.653824,65.615903,0.800000,0.050000,0.000000,True,True,False,True,True,Ready,False,True,Safety checks passed
1785208355.941752,0,TC1,100.000000,65.471777,34.528223,65.735297,0.800000,0.050000,0.000000,True,True,False,True,True,Ready,False,True,Safety checks passed
1785208356.068784,0,TC1,100.000000,65.576062,34.423938,65.870358,0.800000,0.050000,0.000000,True,True,False,True,True,Ready,False,True,Safety checks passed
1785208356.194458,0,TC1,100.000000,65.714034,34.285966,65.975662,0.800000,0.050000,0.000000,True,True,False,True,True,Ready,False,True,Safety checks passed
1785208356.320052,0,TC1,100.000000,65.816799,34.183201,66.109529,0.800000,0.050000,0.000000,True,True,False,True,True,Ready,False,True,Safety checks passed
1785208356.444692,0,TC1,100.000000,65.952996,34.047004,66.212869,0.800000,0.050000,0.000000,True,True,False,True,True,Ready,False,True,Safety checks passed
1785208356.585670,0,TC1,100.000000,66.083359,33.916641,66.346062,0.800000,0.050000,0.000000,True,True,False,True,True,Ready,False,True,Safety checks passed
1785208356.709868,0,TC1,100.000000,66.172894,33.827106,66.485121,0.800000,0.050000,0.000000,True,True,False,True,True,Ready,False,True,Safety checks passed
1785208356.834750,0,TC1,100.000000,66.330391,33.669609,66.570257,0.800000,0.050000,0.000000,True,True,False,True,True,Ready,False,True,Safety checks passed
1785208356.962945,0,TC1,100.000000,66.413748,33.586252,66.718789,0.800000,0.050000,0.000000,True,True,False,True,True,Ready,False,True,Safety checks passed
1785208357.105745,0,TC1,100.000000,66.568983,33.431017,66.831856,0.800000,0.050000,0.000000,True,True,False,True,True,Ready,False,True,Safety checks passed
1785208357.232841,0,TC1,100.000000,66.692531,33.307469,66.945485,0.800000,0.050000,0.000000,True,True,False,True,True,Ready,False,True,Safety checks passed
1785208357.359877,0,TC1,100.000000,66.779712,33.220288,67.086021,0.800000,0.050000,0.000000,True,True,False,True,True,Ready,False,True,Safety checks passed
1785208357.497199,0,TC1,100.000000,66.933314,33.066686,67.191600,0.800000,0.050000,0.000000,True,True,False,True,True,Ready,False,True,Safety checks passed
1785208357.623559,0,TC1,100.000000,67.021938,32.978062,67.329112,0.800000,0.050000,0.000000,True,True,False,True,True,Ready,False,True,Safety checks passed
1785208357.748305,0,TC1,100.000000,67.176572,32.823428,67.409242,0.800000,0.050000,0.000000,True,True,False,True,True,Ready,False,True,Safety checks passed
1785208357.875393,0,TC1,100.000000,67.285337,32.714663,67.529737,0.800000,0.050000,0.000000,True,True,False,True,True,Ready,False,True,Safety checks passed
1785208358.000077,0,TC1,100.000000,67.381088,32.618912,67.657824,0.800000,0.050000,0.000000,True,True,False,True,True,Ready,False,True,Safety checks passed
1785208358.126281,0,TC1,100.000000,67.509834,32.490166,67.758498,0.800000,0.050000,0.000000,True,True,False,True,True,Ready,False,True,Safety checks passed
1785208358.267271,0,TC1,100.000000,67.608319,32.391681,67.909495,0.800000,0.050000,0.000000,True,True,False,True,True,Ready,False,True,Safety checks passed
1785208358.393265,0,TC1,100.000000,67.748193,32.251807,68.000623,0.800000,0.050000,0.000000,True,True,False,True,True,Ready,False,True,Safety checks passed
1785208358.521263,0,TC1,100.000000,67.848084,32.151916,68.125072,0.800000,0.050000,0.000000,True,True,False,True,True,Ready,False,True,Safety checks passed
1785208358.647790,0,TC1,100.000000,67.977814,32.022186,68.224000,0.800000,0.050000,0.000000,True,True,False,True,True,Ready,False,True,Safety checks passed
1785208358.788838,0,TC1,100.000000,68.101990,31.898010,68.348562,0.800000,0.050000,0.000000,True,True,False,True,True,Ready,False,True,Safety checks passed
1785208358.927724,0,TC1,100.000000,68.215865,31.784135,68.479221,0.800000,0.050000,0.000000,True,True,False,True,True,Ready,False,True,Safety checks passed
1785208359.069187,0,TC1,100.000000,68.319690,31.680310,68.620601,0.800000,0.050000,0.000000,True,True,False,True,True,Ready,False,True,Safety checks passed
1785208359.194271,0,TC1,100.000000,68.459420,31.540580,68.707185,0.800000,0.050000,0.000000,True,True,False,True,True,Ready,False,True,Safety checks passed
1785208359.321257,0,TC1,100.000000,68.545460,31.454540,68.838116,0.800000,0.050000,0.000000,True,True,False,True,True,Ready,False,True,Safety checks passed
1785208359.448496,0,TC1,100.000000,68.694588,31.305412,68.917899,0.800000,0.050000,0.000000,True,True,False,True,True,Ready,False,True,Safety checks passed
1785208359.575415,0,TC1,100.000000,68.799016,31.200984,69.031196,0.800000,0.050000,0.000000,True,True,False,True,True,Ready,False,True,Safety checks passed
1785208359.701796,0,TC1,100.000000,68.890254,31.109746,69.155200,0.800000,0.050000,0.000000,True,True,False,True,True,Ready,False,True,Safety checks passed
1785208359.829018,0,TC1,100.000000,69.014941,30.985059,69.252089,0.800000,0.050000,0.000000,True,True,False,True,True,Ready,False,True,Safety checks passed
1785208359.941013,0,TC1,100.000000,69.097317,30.902683,69.359282,0.800000,0.050000,0.000000,True,True,False,True,True,Ready,False,True,Safety checks passed
1785208360.065831,0,TC1,100.000000,69.199877,30.800123,69.470681,0.800000,0.050000,0.000000,True,True,False,True,True,Ready,False,True,Safety checks passed
1785208360.192178,0,TC1,100.000000,69.326939,30.673061,69.562897,0.800000,0.050000,0.000000,True,True,False,True,True,Ready,False,True,Safety checks passed
1785208360.318993,0,TC1,100.000000,69.420555,30.579445,69.681845,0.800000,0.050000,0.000000,True,True,False,True,True,Ready,False,True,Safety checks passed
1785208360.447127,0,TC1,100.000000,69.543627,30.456373,69.778629,0.800000,0.050000,0.000000,True,True,False,True,True,Ready,False,True,Safety checks passed
1785208360.575470,0,TC1,100.000000,69.654274,30.345726,69.883514,0.800000,0.050000,0.000000,True,True,False,True,True,Ready,False,True,Safety checks passed
1785208360.701658,0,TC1,100.000000,69.744995,30.255005,70.003161,0.800000,0.050000,0.000000,True,True,False,True,True,Ready,False,True,Safety checks passed
1785208360.829468,0,TC1,100.000000,69.866218,30.133782,70.097314,0.800000,0.050000,0.000000,True,True,False,True,True,Ready,False,True,Safety checks passed
1785208360.955984,0,TC1,100.000000,69.945796,30.054204,70.223858,0.800000,0.050000,0.000000,True,True,False,True,True,Ready,False,True,Safety checks passed
1785208361.080894,0,TC1,100.000000,70.086879,29.913121,70.299164,0.800000,0.050000,0.000000,True,True,False,True,True,Ready,False,True,Safety checks passed
1785208361.206794,0,TC1,100.000000,70.159787,29.840213,70.428641,0.800000,0.050000,0.000000,True,True,False,True,True,Ready,False,True,Safety checks passed
1785208361.335909,0,TC1,100.000000,70.297447,29.702553,70.508899,0.800000,0.050000,0.000000,True,True,False,True,True,Ready,False,True,Safety checks passed
1785208361.459554,0,TC1,100.000000,70.369256,29.630744,70.635966,0.800000,0.050000,0.000000,True,True,False,True,True,Ready,False,True,Safety checks passed
1785208361.586733,0,TC1,100.000000,70.504558,29.495442,70.714895,0.800000,0.050000,0.000000,True,True,False,True,True,Ready,False,True,Safety checks passed
1785208361.727746,0,TC1,100.000000,70.602823,29.397177,70.843988,0.800000,0.050000,0.000000,True,True,False,True,True,Ready,False,True,Safety checks passed
1785208361.851382,0,TC1,100.000000,70.695975,29.304025,70.950774,0.800000,0.050000,0.000000,True,True,False,True,True,Ready,False,True,Safety checks passed
1785208361.979448,0,TC1,100.000000,70.815603,29.184397,71.040649,0.800000,0.050000,0.000000,True,True,False,True,True,Ready,False,True,Safety checks passed
1785208362.120420,0,TC1,100.000000,70.903797,29.096203,71.175079,0.800000,0.050000,0.000000,True,True,False,True,True,Ready,False,True,Safety checks passed
1785208362.246538,0,TC1,100.000000,71.029893,28.970107,71.257348,0.800000,0.050000,0.000000,True,True,False,True,True,Ready,False,True,Safety checks passed
1785208362.372816,0,TC1,100.000000,71.108318,28.891682,71.378007,0.800000,0.050000,0.000000,True,True,False,True,True,Ready,False,True,Safety checks passed
1785208362.500977,0,TC1,100.000000,71.246481,28.753519,71.450211,0.800000,0.050000,0.000000,True,True,False,True,True,Ready,False,True,Safety checks passed
1785208362.626253,0,TC1,100.000000,71.341841,28.658159,71.554918,0.800000,0.050000,0.000000,True,True,False,True,True,Ready,False,True,Safety checks passed
1785208362.751658,0,TC1,100.000000,71.424843,28.575157,71.666815,0.800000,0.050000,0.000000,True,True,False,True,True,Ready,False,True,Safety checks passed
1785208362.892844,0,TC1,100.000000,71.537004,28.462996,71.777763,0.800000,0.050000,0.000000,True,True,False,True,True,Ready,False,True,Safety checks passed
1785208363.019837,0,TC1,100.000000,71.632390,28.367610,71.881270,0.800000,0.050000,0.000000,True,True,False,True,True,Ready,False,True,Safety checks passed
1785208363.162510,0,TC1,100.000000,71.749297,28.250703,71.989399,0.800000,0.050000,0.000000,True,True,False,True,True,Ready,False,True,Safety checks passed
1785208363.287794,0,TC1,100.000000,71.870909,28.129091,72.068402,0.800000,0.050000,0.000000,True,True,False,True,True,Ready,False,True,Safety checks passed
1785208363.414896,0,TC1,100.000000,71.938844,28.061156,72.192072,0.800000,0.050000,0.000000,True,True,False,True,True,Ready,False,True,Safety checks passed
1785208363.543061,0,TC1,100.000000,72.057937,27.942063,72.275795,0.800000,0.050000,0.000000,True,True,False,True,True,Ready,False,True,Safety checks passed
1785208363.668064,0,TC1,100.000000,72.144080,27.855920,72.284736,0.800000,0.050000,0.000000,True,True,False,True,True,Ready,False,True,Safety checks passed
1785208363.795666,0,TC1,100.000000,72.210022,27.789978,72.231982,0.800000,0.050000,0.000000,True,True,False,True,True,Ready,False,True,Safety checks passed
1785208363.937258,0,TC1,100.000000,72.221186,27.778814,72.223051,0.800000,0.050000,0.000000,True,True,False,True,True,Ready,False,True,Safety checks passed
1785208364.063499,0,TC1,100.000000,72.221822,27.778178,72.222542,0.800000,0.050000,0.000000,True,True,False,True,True,Ready,False,True,Safety checks passed
1785208364.189620,0,TC1,100.000000,72.222161,27.777839,72.222271,0.800000,0.050000,0.000000,True,True,False,True,True,Ready,False,True,Safety checks passed
1785208364.314694,0,TC1,100.000000,72.222204,27.777796,72.222237,0.800000,0.050000,0.000000,True,True,False,True,True,Ready,False,True,Safety checks passed
1785208364.441776,0,TC1,100.000000,72.222219,27.777781,72.222224,0.800000,0.050000,0.000000,True,True,False,True,True,Ready,False,True,Safety checks passed
1785208364.581763,0,TC1,100.000000,72.222222,27.777778,72.222222,0.800000,0.050000,0.000000,True,True,False,True,True,Ready,False,True,Safety checks passed
1785208364.724743,0,TC1,100.000000,72.222222,27.777778,72.222222,0.800000,0.050000,0.000000,True,True,False,True,True,Ready,False,True,Safety checks passed
1785208364.851008,0,TC1,100.000000,72.222222,27.777778,72.222222,0.800000,0.050000,0.000000,True,True,False,True,True,Ready,False,True,Safety checks passed
1785208364.977375,0,TC1,100.000000,72.222222,27.777778,72.222222,0.800000,0.050000,0.000000,True,True,False,True,True,Ready,False,True,Safety checks passed
1785208365.104372,0,TC1,100.000000,72.222222,27.777778,72.222222,0.800000,0.050000,0.000000,True,True,False,True,True,Ready,False,True,Safety checks passed
1785208365.231242,0,TC1,100.000000,72.222222,27.777778,72.222222,0.800000,0.050000,0.000000,True,True,False,True,True,Ready,False,True,Safety checks passed
1785208365.357785,0,TC1,100.000000,72.222222,27.777778,72.222222,0.800000,0.050000,0.000000,True,True,False,True,True,Ready,False,True,Safety checks passed
1785208365.498109,0,TC1,100.000000,72.222222,27.777778,72.222222,0.800000,0.050000,0.000000,True,True,False,True,True,Ready,False,True,Safety checks passed
1785208365.624684,0,TC1,100.000000,72.222222,27.777778,72.222222,0.800000,0.050000,0.000000,True,True,False,True,True,Ready,False,True,Safety checks passed
1785208365.750924,0,TC1,100.000000,72.222222,27.777778,72.222222,0.800000,0.050000,0.000000,True,True,False,True,True,Ready,False,True,Safety checks passed
1785208365.877223,0,TC1,100.000000,72.222222,27.777778,72.222222,0.800000,0.050000,0.000000,True,True,False,True,True,Ready,False,True,Safety checks passed
1785208366.022320,0,TC1,100.000000,72.222222,27.777778,72.222222,0.800000,0.050000,0.000000,True,True,False,True,True,Ready,False,True,Safety checks passed
1785208366.162185,0,TC1,100.000000,72.222222,27.777778,72.222222,0.800000,0.050000,0.000000,True,True,False,True,True,Ready,False,True,Safety checks passed
1785208366.289199,0,TC1,100.000000,72.222222,27.777778,72.222222,0.800000,0.050000,0.000000,True,True,False,True,True,Ready,False,True,Safety checks passed
1785208366.414414,0,TC1,100.000000,72.222222,27.777778,72.222222,0.800000,0.050000,0.000000,True,True,False,True,True,Ready,False,True,Safety checks passed
1785208366.540883,0,TC1,100.000000,72.222222,27.777778,72.222222,0.800000,0.050000,0.000000,True,True,False,True,True,Ready,False,True,Safety checks passed
1785208366.664746,0,TC1,100.000000,72.222222,27.777778,72.222222,0.800000,0.050000,0.000000,True,True,False,True,True,Ready,False,True,Safety checks passed
1785208366.805732,0,TC1,100.000000,72.222222,27.777778,72.222222,0.800000,0.050000,0.000000,True,True,False,True,True,Ready,False,True,Safety checks passed
1785208366.931692,0,TC1,100.000000,72.222222,27.777778,72.222222,0.800000,0.050000,0.000000,True,True,False,True,True,Ready,False,True,Safety checks passed
1785208367.074576,0,TC1,100.000000,72.222222,27.777778,72.222222,0.800000,0.050000,0.000000,True,True,False,True,True,Ready,False,True,Safety checks passed
1785208367.199977,0,TC1,100.000000,72.222222,27.777778,72.222222,0.800000,0.050000,0.000000,True,True,False,True,True,Ready,False,True,Safety checks passed
1785208367.340188,0,TC1,100.000000,72.222222,27.777778,72.222222,0.800000,0.050000,0.000000,True,True,False,True,True,Ready,False,True,Safety checks passed
1785208367.465373,0,TC1,100.000000,72.222222,27.777778,72.222222,0.800000,0.050000,0.000000,True,True,False,True,True,Ready,False,True,Safety checks passed
1785208367.591552,0,TC1,100.000000,72.222222,27.777778,72.222222,0.800000,0.050000,0.000000,True,True,False,True,True,Ready,False,True,Safety checks passed
1785208367.719574,0,TC1,100.000000,72.222222,27.777778,72.222222,0.800000,0.050000,0.000000,True,True,False,True,True,Ready,False,True,Safety checks passed
1785208367.846566,0,TC1,100.000000,72.222222,27.777778,72.222222,0.800000,0.050000,0.000000,True,True,False,True,True,Ready,False,True,Safety checks passed
1785208367.972409,0,TC1,100.000000,72.222222,27.777778,72.222222,0.800000,0.050000,0.000000,True,True,False,True,True,Ready,False,True,Safety checks passed
1785208368.114210,0,TC1,100.000000,72.222222,27.777778,72.222222,0.800000,0.050000,0.000000,True,True,False,True,True,Ready,False,True,Safety checks passed
1785208368.242189,0,TC1,100.000000,72.222222,27.777778,72.222222,0.800000,0.050000,0.000000,True,True,False,True,True,Ready,False,True,Safety checks passed
1785208368.367192,0,TC1,100.000000,72.222222,27.777778,72.222222,0.800000,0.050000,0.000000,True,True,False,True,True,Ready,False,True,Safety checks passed
1785208368.493072,0,TC1,100.000000,72.222222,27.777778,72.222222,0.800000,0.050000,0.000000,True,True,False,True,True,Ready,False,True,Safety checks passed
1785208368.619102,0,TC1,100.000000,72.222222,27.777778,72.222222,0.800000,0.050000,0.000000,True,True,False,True,True,Ready,False,True,Safety checks passed
1785208368.746461,0,TC1,100.000000,72.222222,27.777778,72.222222,0.800000,0.050000,0.000000,True,True,False,True,True,Ready,False,True,Safety checks passed
1785208368.873879,0,TC1,100.000000,72.222222,27.777778,72.222222,0.800000,0.050000,0.000000,True,True,False,True,True,Ready,False,True,Safety checks passed
1785208369.000867,0,TC1,100.000000,72.222222,27.777778,72.222222,0.800000,0.050000,0.000000,True,True,False,True,True,Ready,False,True,Safety checks passed
1785208369.126878,0,TC1,100.000000,72.222222,27.777778,72.222222,0.800000,0.050000,0.000000,True,True,False,True,True,Ready,False,True,Safety checks passed
1785208369.253791,0,TC1,100.000000,72.222222,27.777778,72.222222,0.800000,0.050000,0.000000,True,True,False,True,True,Ready,False,True,Safety checks passed
1785208369.379919,0,TC1,100.000000,72.222222,27.777778,72.222222,0.800000,0.050000,0.000000,True,True,False,True,True,Ready,False,True,Safety checks passed
1785208369.504903,0,TC1,100.000000,72.222222,27.777778,72.222222,0.800000,0.050000,0.000000,True,True,False,True,True,Ready,False,True,Safety checks passed
1785208369.631136,0,TC1,100.000000,72.222222,27.777778,72.222222,0.800000,0.050000,0.000000,True,True,False,True,True,Ready,False,True,Safety checks passed
1785208369.759422,0,TC1,100.000000,72.222222,27.777778,72.222222,0.800000,0.050000,0.000000,True,True,False,True,True,Ready,False,True,Safety checks passed
1785208369.884936,0,TC1,100.000000,72.222222,27.777778,72.222222,0.800000,0.050000,0.000000,True,True,False,True,True,Ready,False,True,Safety checks passed
1785208370.011183,0,TC1,100.000000,72.222222,27.777778,72.222222,0.800000,0.050000,0.000000,True,True,False,True,True,Ready,False,True,Safety checks passed
1785208370.137758,0,TC1,100.000000,72.222222,27.777778,72.222222,0.800000,0.050000,0.000000,True,True,False,True,True,Ready,False,True,Safety checks passed
1785208370.265096,0,TC1,100.000000,72.222222,27.777778,72.222222,0.800000,0.050000,0.000000,True,True,False,True,True,Ready,False,True,Safety checks passed
1785208370.392562,0,TC1,100.000000,72.222222,27.777778,72.222222,0.800000,0.050000,0.000000,True,True,False,True,True,Ready,False,True,Safety checks passed
1785208370.533533,0,TC1,100.000000,72.222222,27.777778,72.222222,0.800000,0.050000,0.000000,True,True,False,True,True,Ready,False,True,Safety checks passed
1785208370.661335,0,TC1,100.000000,72.222222,27.777778,72.222222,0.800000,0.050000,0.000000,True,True,False,True,True,Ready,False,True,Safety checks passed
1785208370.786435,0,TC1,100.000000,72.222222,27.777778,72.222222,0.800000,0.050000,0.000000,True,True,False,True,True,Ready,False,True,Safety checks passed
1785208370.914042,0,TC1,100.000000,72.222222,27.777778,72.222222,0.800000,0.050000,0.000000,True,True,False,True,True,Ready,False,True,Safety checks passed
1785208371.040629,0,TC1,100.000000,72.222222,27.777778,72.222222,0.800000,0.050000,0.000000,True,True,False,True,True,Ready,False,True,Safety checks passed
1785208371.167026,0,TC1,100.000000,72.222222,27.777778,72.222222,0.800000,0.050000,0.000000,True,True,False,True,True,Ready,False,True,Safety checks passed
1785208371.292658,0,TC1,100.000000,72.222222,27.777778,72.222222,0.800000,0.050000,0.000000,True,True,False,True,True,Ready,False,True,Safety checks passed
1785208371.417930,0,TC1,100.000000,72.222222,27.777778,72.222222,0.800000,0.050000,0.000000,True,True,False,True,True,Ready,False,True,Safety checks passed
1785208371.547045,0,TC1,100.000000,72.222222,27.777778,72.222222,0.800000,0.050000,0.000000,True,True,False,True,True,Ready,False,True,Safety checks passed
1785208371.658274,0,TC1,100.000000,72.222222,27.777778,72.222222,0.800000,0.050000,0.000000,True,True,False,True,True,Ready,False,True,Safety checks passed
1785208371.784609,0,TC1,100.000000,72.222222,27.777778,72.222222,0.800000,0.050000,0.000000,True,True,False,True,True,Ready,False,True,Safety checks passed
1785208371.910871,0,TC1,100.000000,72.222222,27.777778,72.222222,0.800000,0.050000,0.000000,True,True,False,True,True,Ready,False,True,Safety checks passed
1785208372.037864,0,TC1,100.000000,72.222222,27.777778,72.222222,0.800000,0.050000,0.000000,True,True,False,True,True,Ready,False,True,Safety checks passed
1785208372.166753,0,TC1,100.000000,72.222222,27.777778,72.222222,0.800000,0.050000,0.000000,True,True,False,True,True,Ready,False,True,Safety checks passed
1785208372.292100,0,TC1,100.000000,72.222222,27.777778,72.222222,0.800000,0.050000,0.000000,True,True,False,True,True,Ready,False,True,Safety checks passed
1785208372.419183,0,TC1,100.000000,72.222222,27.777778,72.222222,0.800000,0.050000,0.000000,True,True,False,True,True,Ready,False,True,Safety checks passed
1785208372.559283,0,TC1,100.000000,72.222222,27.777778,72.222222,0.800000,0.050000,0.000000,True,True,False,True,True,Ready,False,True,Safety checks passed
1785208372.703572,0,TC1,100.000000,72.222222,27.777778,72.222222,0.800000,0.050000,0.000000,True,True,False,True,True,Ready,False,True,Safety checks passed
1785208372.829580,0,TC1,100.000000,72.222222,27.777778,72.222222,0.800000,0.050000,0.000000,True,True,False,True,True,Ready,False,True,Safety checks passed
1785208372.956116,0,TC1,100.000000,72.222222,27.777778,72.222222,0.800000,0.050000,0.000000,True,True,False,True,True,Ready,False,True,Safety checks passed
1785208373.080547,0,TC1,100.000000,72.222222,27.777778,72.222222,0.800000,0.050000,0.000000,True,True,False,True,True,Ready,False,True,Safety checks passed
1785208373.208462,0,TC1,100.000000,72.222222,27.777778,72.222222,0.800000,0.050000,0.000000,True,True,False,True,True,Ready,False,True,Safety checks passed
1785208373.336079,0,TC1,100.000000,72.222222,27.777778,72.222222,0.800000,0.050000,0.000000,True,True,False,True,True,Ready,False,True,Safety checks passed
1785208373.462245,0,TC1,100.000000,72.222222,27.777778,72.222222,0.800000,0.050000,0.000000,True,True,False,True,True,Ready,False,True,Safety checks passed
1785208373.588785,0,TC1,100.000000,72.222222,27.777778,72.222222,0.800000,0.050000,0.000000,True,True,False,True,True,Ready,False,True,Safety checks passed
1785208373.716080,0,TC1,100.000000,72.222222,27.777778,72.222222,0.800000,0.050000,0.000000,True,True,False,True,True,Ready,False,True,Safety checks passed
1785208373.841832,0,TC1,100.000000,72.222222,27.777778,72.222222,0.800000,0.050000,0.000000,True,True,False,True,True,Ready,False,True,Safety checks passed
1785208373.953818,0,TC1,100.000000,72.222222,27.777778,72.222222,0.800000,0.050000,0.000000,True,True,False,True,True,Ready,False,True,Safety checks passed
1785208374.079809,0,TC1,100.000000,72.222222,27.777778,72.222222,0.800000,0.050000,0.000000,True,True,False,True,True,Ready,False,True,Safety checks passed
1785208374.220803,0,TC1,100.000000,72.222222,27.777778,72.222222,0.800000,0.050000,0.000000,True,True,False,True,True,Ready,False,True,Safety checks passed
1785208374.361810,0,TC1,100.000000,72.222222,27.777778,72.222222,0.800000,0.050000,0.000000,True,True,False,True,True,Ready,False,True,Safety checks passed
1785208374.503908,0,TC1,100.000000,72.222222,27.777778,72.222222,0.800000,0.050000,0.000000,True,True,False,True,True,Ready,False,True,Safety checks passed
1785208374.631783,0,TC1,100.000000,72.222222,27.777778,72.222222,0.800000,0.050000,0.000000,True,True,False,True,True,Ready,False,True,Safety checks passed
1785208374.774782,0,TC1,100.000000,72.222222,27.777778,72.222222,0.800000,0.050000,0.000000,True,True,False,True,True,Ready,False,True,Safety checks passed
1785208374.914769,0,TC1,100.000000,72.222222,27.777778,72.222222,0.800000,0.050000,0.000000,True,True,False,True,True,Ready,False,True,Safety checks passed
1785208375.039784,0,TC1,100.000000,72.222222,27.777778,72.222222,0.800000,0.050000,0.000000,True,True,False,True,True,Ready,False,True,Safety checks passed
1785208375.166821,0,TC1,100.000000,72.222222,27.777778,72.222222,0.800000,0.050000,0.000000,True,True,False,True,True,Ready,False,True,Safety checks passed
1785208375.292759,0,TC1,100.000000,72.222222,27.777778,72.222222,0.800000,0.050000,0.000000,True,True,False,True,True,Ready,False,True,Safety checks passed
1785208375.418753,0,TC1,100.000000,72.222222,27.777778,72.222222,0.800000,0.050000,0.000000,True,True,False,True,True,Ready,False,True,Safety checks passed
1785208375.545736,0,TC1,100.000000,72.222222,27.777778,72.222222,0.800000,0.050000,0.000000,True,True,False,True,True,Ready,False,True,Safety checks passed
1785208375.656735,0,TC1,100.000000,72.222222,27.777778,72.222222,0.800000,0.050000,0.000000,True,True,False,True,True,Ready,False,True,Safety checks passed
1785208375.781774,0,TC1,100.000000,72.222222,27.777778,72.222222,0.800000,0.050000,0.000000,True,True,False,True,True,Ready,False,True,Safety checks passed
1785208375.909718,0,TC1,100.000000,72.222222,27.777778,72.222222,0.800000,0.050000,0.000000,True,True,False,True,True,Ready,False,True,Safety checks passed
1785208376.033716,0,TC1,100.000000,72.222222,27.777778,72.222222,0.800000,0.050000,0.000000,True,True,False,True,True,Ready,False,True,Safety checks passed
1785208376.159703,0,TC1,100.000000,72.222222,27.777778,72.222222,0.800000,0.050000,0.000000,True,True,False,True,True,Ready,False,True,Safety checks passed
1785208376.285693,0,TC1,100.000000,72.222222,27.777778,72.222222,0.800000,0.050000,0.000000,True,True,False,True,True,Ready,False,True,Safety checks passed
1785208376.414702,0,TC1,100.000000,72.222222,27.777778,72.222222,0.800000,0.050000,0.000000,True,True,False,True,True,Ready,False,True,Safety checks passed
1785208376.539696,0,TC1,100.000000,72.222222,27.777778,72.222222,0.800000,0.050000,0.000000,True,True,False,True,True,Ready,False,True,Safety checks passed
1785208376.666672,0,TC1,100.000000,72.222222,27.777778,72.222222,0.800000,0.050000,0.000000,True,True,False,True,True,Ready,False,True,Safety checks passed
1785208376.793776,0,TC1,100.000000,72.222222,27.777778,72.222222,0.800000,0.050000,0.000000,True,True,False,True,True,Ready,False,True,Safety checks passed
1785208376.920770,0,TC1,100.000000,72.222222,27.777778,72.222222,0.800000,0.050000,0.000000,True,True,False,True,True,Ready,False,True,Safety checks passed
1785208377.033662,0,TC1,100.000000,72.222222,27.777778,72.222222,0.800000,0.050000,0.000000,True,True,False,True,True,Ready,False,True,Safety checks passed
1785208377.161751,0,TC1,100.000000,72.222222,27.777778,72.222222,0.800000,0.050000,0.000000,True,True,False,True,True,Ready,False,True,Safety checks passed
1785208377.287756,0,TC1,100.000000,72.222222,27.777778,72.222222,0.800000,0.050000,0.000000,True,True,False,True,True,Ready,False,True,Safety checks passed
1785208377.416672,0,TC1,100.000000,72.222222,27.777778,72.222222,0.800000,0.050000,0.000000,True,True,False,True,True,Ready,False,True,Safety checks passed
1785208377.538630,0,TC1,100.000000,72.222222,27.777778,72.222222,0.800000,0.050000,0.000000,True,True,False,True,True,Ready,False,True,Safety checks passed
1785208377.664620,0,TC1,100.000000,72.222222,27.777778,72.222222,0.800000,0.050000,0.000000,True,True,False,True,True,Ready,False,True,Safety checks passed
1785208377.792812,0,TC1,100.000000,72.222222,27.777778,72.222222,0.800000,0.050000,0.000000,True,True,False,True,True,Ready,False,True,Safety checks passed
1785208377.917728,0,TC1,100.000000,72.222222,27.777778,72.222222,0.800000,0.050000,0.000000,True,True,False,True,True,Ready,False,True,Safety checks passed
1785208378.044644,0,TC1,100.000000,72.222222,27.777778,72.222222,0.800000,0.050000,0.000000,True,True,False,True,True,Ready,False,True,Safety checks passed
1785208378.170693,0,TC1,100.000000,72.222222,27.777778,72.222222,0.800000,0.050000,0.000000,True,True,False,True,True,Ready,False,True,Safety checks passed
1785208378.282718,0,TC1,100.000000,72.222222,27.777778,72.222222,0.800000,0.050000,0.000000,True,True,False,True,True,Ready,False,True,Safety checks passed
1785208378.409592,0,TC1,100.000000,72.222222,27.777778,72.222222,0.800000,0.050000,0.000000,True,True,False,True,True,Ready,False,True,Safety checks passed
1785208378.552582,0,TC1,100.000000,72.222222,27.777778,72.222222,0.800000,0.050000,0.000000,True,True,False,True,True,Ready,False,True,Safety checks passed
1785208378.680568,0,TC1,100.000000,72.222222,27.777778,72.222222,0.800000,0.050000,0.000000,True,True,False,True,True,Ready,False,True,Safety checks passed
1785208378.805561,0,TC1,100.000000,72.222222,27.777778,72.222222,0.800000,0.050000,0.000000,True,True,False,True,True,Ready,False,True,Safety checks passed
1785208378.932603,0,TC1,100.000000,72.222222,27.777778,72.222222,0.800000,0.050000,0.000000,True,True,False,True,True,Ready,False,True,Safety checks passed
1785208379.059561,0,TC1,100.000000,72.222222,27.777778,72.222222,0.800000,0.050000,0.000000,True,True,False,True,True,Ready,False,True,Safety checks passed
1785208379.185669,0,TC1,100.000000,72.222222,27.777778,72.222222,0.800000,0.050000,0.000000,True,True,False,True,True,Ready,False,True,Safety checks passed
1785208379.297551,0,TC1,100.000000,72.222222,27.777778,72.222222,0.800000,0.050000,0.000000,True,True,False,True,True,Ready,False,True,Safety checks passed
1785208379.424543,0,TC1,100.000000,72.222222,27.777778,72.222222,0.800000,0.050000,0.000000,True,True,False,True,True,Ready,False,True,Safety checks passed
1785208379.550689,0,TC1,100.000000,72.222222,27.777778,72.222222,0.800000,0.050000,0.000000,True,True,False,True,True,Ready,False,True,Safety checks passed
1785208379.678539,0,TC1,100.000000,72.222222,27.777778,72.222222,0.800000,0.050000,0.000000,True,True,False,True,True,Ready,False,True,Safety checks passed
1785208379.806560,0,TC1,100.000000,72.222222,27.777778,72.222222,0.800000,0.050000,0.000000,True,True,False,True,True,Ready,False,True,Safety checks passed
1785208379.931513,0,TC1,100.000000,72.222222,27.777778,72.222222,0.800000,0.050000,0.000000,True,True,False,True,True,Ready,False,True,Safety checks passed
1785208380.059515,0,TC1,100.000000,72.222222,27.777778,72.222222,0.800000,0.050000,0.000000,True,True,False,True,True,Ready,False,True,Safety checks passed
1785208380.185503,0,TC1,100.000000,72.222222,27.777778,72.222222,0.800000,0.050000,0.000000,True,True,False,True,True,Ready,False,True,Safety checks passed
1785208380.297496,0,TC1,100.000000,72.222222,27.777778,72.222222,0.800000,0.050000,0.000000,True,True,False,True,True,Ready,False,True,Safety checks passed
1785208380.422526,0,TC1,100.000000,72.222222,27.777778,72.222222,0.800000,0.050000,0.000000,True,True,False,True,True,Ready,False,True,Safety checks passed
1785208380.549481,0,TC1,100.000000,72.222222,27.777778,72.222222,0.800000,0.050000,0.000000,True,True,False,True,True,Ready,False,True,Safety checks passed
1785208380.678492,0,TC1,100.000000,72.222222,27.777778,72.222222,0.800000,0.050000,0.000000,True,True,False,True,True,Ready,False,True,Safety checks passed
1785208380.806472,0,TC1,100.000000,72.222222,27.777778,72.222222,0.800000,0.050000,0.000000,True,True,False,True,True,Ready,False,True,Safety checks passed
1785208380.944600,0,TC1,100.000000,72.222222,27.777778,72.222222,0.800000,0.050000,0.000000,True,True,False,True,True,Ready,False,True,Safety checks passed
1785208381.086462,0,TC1,100.000000,72.222222,27.777778,72.222222,0.800000,0.050000,0.000000,True,True,False,True,True,Ready,False,True,Safety checks passed
1785208381.213442,0,TC1,100.000000,72.222222,27.777778,72.222222,0.800000,0.050000,0.000000,True,True,False,True,True,Ready,False,True,Safety checks passed
1785208381.340448,0,TC1,100.000000,72.222222,27.777778,72.222222,0.800000,0.050000,0.000000,True,True,False,True,True,Ready,False,True,Safety checks passed
1785208381.466438,0,TC1,100.000000,72.222222,27.777778,72.222222,0.800000,0.050000,0.000000,True,True,False,True,True,Ready,False,True,Safety checks passed
1785208381.608429,0,TC1,100.000000,72.222222,27.777778,72.222222,0.800000,0.050000,0.000000,True,True,False,True,True,Ready,False,True,Safety checks passed
1785208381.733422,0,TC1,100.000000,72.222222,27.777778,72.222222,0.800000,0.050000,0.000000,True,True,False,True,True,Ready,False,True,Safety checks passed
1785208381.861407,0,TC1,100.000000,72.222222,27.777778,72.222222,0.800000,0.050000,0.000000,True,True,False,True,True,Ready,False,True,Safety checks passed
1785208381.990517,0,TC1,100.000000,72.222222,27.777778,72.222222,0.800000,0.050000,0.000000,True,True,False,True,True,Ready,False,True,Safety checks passed
1785208382.118535,0,TC1,100.000000,72.222222,27.777778,72.222222,0.800000,0.050000,0.000000,True,True,False,True,True,Ready,False,True,Safety checks passed
1785208382.246506,0,TC1,100.000000,72.222222,27.777778,72.222222,0.800000,0.050000,0.000000,True,True,False,True,True,Ready,False,True,Safety checks passed
1785208382.372513,0,TC1,100.000000,72.222222,27.777778,72.222222,0.800000,0.050000,0.000000,True,True,False,True,True,Ready,False,True,Safety checks passed
1785208382.497384,0,TC1,100.000000,72.222222,27.777778,72.222222,0.800000,0.050000,0.000000,True,True,False,True,True,Ready,False,True,Safety checks passed
1785208382.623369,0,TC1,100.000000,72.222222,27.777778,72.222222,0.800000,0.050000,0.000000,True,True,False,True,True,Ready,False,True,Safety checks passed
1785208382.734377,0,TC1,100.000000,72.222222,27.777778,72.222222,0.800000,0.050000,0.000000,True,True,False,True,True,Ready,False,True,Safety checks passed
1785208382.859369,0,TC1,100.000000,72.222222,27.777778,72.222222,0.800000,0.050000,0.000000,True,True,False,True,True,Ready,False,True,Safety checks passed
1785208382.983363,0,TC1,100.000000,72.222222,27.777778,72.222222,0.800000,0.050000,0.000000,True,True,False,True,True,Ready,False,True,Safety checks passed
1785208383.112346,0,TC1,100.000000,72.222222,27.777778,72.222222,0.800000,0.050000,0.000000,True,True,False,True,True,Ready,False,True,Safety checks passed
1785208383.240336,0,TC1,100.000000,72.222222,27.777778,72.222222,0.800000,0.050000,0.000000,True,True,False,True,True,Ready,False,True,Safety checks passed
1785208383.366328,0,TC1,100.000000,72.222222,27.777778,72.222222,0.800000,0.050000,0.000000,True,True,False,True,True,Ready,False,True,Safety checks passed
1785208383.491323,0,TC1,100.000000,72.222222,27.777778,72.222222,0.800000,0.050000,0.000000,True,True,False,True,True,Ready,False,True,Safety checks passed
1785208383.617331,0,TC1,100.000000,72.222222,27.777778,72.222222,0.800000,0.050000,0.000000,True,True,False,True,True,Ready,False,True,Safety checks passed
1785208383.744354,0,TC1,100.000000,72.222222,27.777778,72.222222,0.800000,0.050000,0.000000,True,True,False,True,True,Ready,False,True,Safety checks passed
1785208383.870305,0,TC1,100.000000,72.222222,27.777778,72.222222,0.800000,0.050000,0.000000,True,True,False,True,True,Ready,False,True,Safety checks passed
1785208383.998297,0,TC1,100.000000,72.222222,27.777778,72.222222,0.800000,0.050000,0.000000,True,True,False,True,True,Ready,False,True,Safety checks passed
1785208384.109333,0,TC1,100.000000,72.222222,27.777778,72.222222,0.800000,0.050000,0.000000,True,True,False,True,True,Ready,False,True,Safety checks passed
1785208384.235284,0,TC1,100.000000,72.222222,27.777778,72.222222,0.800000,0.050000,0.000000,True,True,False,True,True,Ready,False,True,Safety checks passed
1785208384.362293,0,TC1,100.000000,72.222222,27.777778,72.222222,0.800000,0.050000,0.000000,True,True,False,True,True,Ready,False,True,Safety checks passed
1785208384.488379,0,TC1,100.000000,72.222222,27.777778,72.222222,0.800000,0.050000,0.000000,True,True,False,True,True,Ready,False,True,Safety checks passed
1785208384.614376,0,TC1,100.000000,72.222222,27.777778,72.222222,0.800000,0.050000,0.000000,True,True,False,True,True,Ready,False,True,Safety checks passed
1785208384.741277,0,TC1,100.000000,72.222222,27.777778,72.222222,0.800000,0.050000,0.000000,True,True,False,True,True,Ready,False,True,Safety checks passed
1785208384.866268,0,TC1,100.000000,72.222222,27.777778,72.222222,0.800000,0.050000,0.000000,True,True,False,True,True,Ready,False,True,Safety checks passed
1785208384.991268,0,TC1,100.000000,72.222222,27.777778,72.222222,0.800000,0.050000,0.000000,True,True,False,True,True,Ready,False,True,Safety checks passed
1785208385.119249,0,TC1,100.000000,72.222222,27.777778,72.222222,0.800000,0.050000,0.000000,True,True,False,True,True,Ready,False,True,Safety checks passed
1785208385.245225,0,TC1,100.000000,72.222222,27.777778,72.222222,0.800000,0.050000,0.000000,True,True,False,True,True,Ready,False,True,Safety checks passed
1785208385.373235,0,TC1,100.000000,72.222222,27.777778,72.222222,0.800000,0.050000,0.000000,True,True,False,True,True,Ready,False,True,Safety checks passed
1785208385.497237,0,TC1,100.000000,72.222222,27.777778,72.222222,0.800000,0.050000,0.000000,True,True,False,True,True,Ready,False,True,Safety checks passed
1785208385.623207,0,TC1,100.000000,72.222222,27.777778,72.222222,0.800000,0.050000,0.000000,True,True,False,True,True,Ready,False,True,Safety checks passed
1785208385.748213,0,TC1,100.000000,72.222222,27.777778,72.222222,0.800000,0.050000,0.000000,True,True,False,True,True,Ready,False,True,Safety checks passed
1785208385.861316,0,TC1,100.000000,72.222222,27.777778,72.222222,0.800000,0.050000,0.000000,True,True,False,True,True,Ready,False,True,Safety checks passed
1785208385.986351,0,TC1,100.000000,72.222222,27.777778,72.222222,0.800000,0.050000,0.000000,True,True,False,True,True,Ready,False,True,Safety checks passed
1785208386.114188,0,TC1,100.000000,72.222222,27.777778,72.222222,0.800000,0.050000,0.000000,True,True,False,True,True,Ready,False,True,Safety checks passed
1785208386.241256,0,TC1,100.000000,72.222222,27.777778,72.222222,0.800000,0.050000,0.000000,True,True,False,True,True,Ready,False,True,Safety checks passed
1785208386.368166,0,TC1,100.000000,72.222222,27.777778,72.222222,0.800000,0.050000,0.000000,True,True,False,True,True,Ready,False,True,Safety checks passed
1785208386.495159,0,TC1,100.000000,72.222222,27.777778,72.222222,0.800000,0.050000,0.000000,True,True,False,True,True,Ready,False,True,Safety checks passed
1785208386.623154,0,TC1,100.000000,72.222222,27.777778,72.222222,0.800000,0.050000,0.000000,True,True,False,True,True,Ready,False,True,Safety checks passed
1785208386.747253,0,TC1,100.000000,72.222222,27.777778,72.222222,0.800000,0.050000,0.000000,True,True,False,True,True,Ready,False,True,Safety checks passed
1785208386.873148,0,TC1,100.000000,72.222222,27.777778,72.222222,0.800000,0.050000,0.000000,True,True,False,True,True,Ready,False,True,Safety checks passed
1785208386.998145,0,TC1,100.000000,72.222222,27.777778,72.222222,0.800000,0.050000,0.000000,True,True,False,True,True,Ready,False,True,Safety checks passed
1785208387.110263,0,TC1,100.000000,72.222222,27.777778,72.222222,0.800000,0.050000,0.000000,True,True,False,True,True,Ready,False,True,Safety checks passed
1785208387.235258,0,TC1,100.000000,72.222222,27.777778,72.222222,0.800000,0.050000,0.000000,True,True,False,True,True,Ready,False,True,Safety checks passed
1785208387.364144,0,TC1,100.000000,72.222222,27.777778,72.222222,0.800000,0.050000,0.000000,True,True,False,True,True,Ready,False,True,Safety checks passed
1785208387.492111,0,TC1,100.000000,72.222222,27.777778,72.222222,0.800000,0.050000,0.000000,True,True,False,True,True,Ready,False,True,Safety checks passed
1785208387.617103,0,TC1,100.000000,72.222222,27.777778,72.222222,0.800000,0.050000,0.000000,True,True,False,True,True,Ready,False,True,Safety checks passed
1785208387.745093,0,TC1,100.000000,72.222222,27.777778,72.222222,0.800000,0.050000,0.000000,True,True,False,True,True,Ready,False,True,Safety checks passed
1785208387.872085,0,TC1,100.000000,72.222222,27.777778,72.222222,0.800000,0.050000,0.000000,True,True,False,True,True,Ready,False,True,Safety checks passed
1785208387.999122,0,TC1,100.000000,72.222222,27.777778,72.222222,0.800000,0.050000,0.000000,True,True,False,True,True,Ready,False,True,Safety checks passed
1785208388.125178,0,TC1,100.000000,72.222222,27.777778,72.222222,0.800000,0.050000,0.000000,True,True,False,True,True,Ready,False,True,Safety checks passed
1785208388.251213,0,TC1,100.000000,72.222222,27.777778,72.222222,0.800000,0.050000,0.000000,True,True,False,True,True,Ready,False,True,Safety checks passed
1785208388.381088,0,TC1,100.000000,72.222222,27.777778,72.222222,0.800000,0.050000,0.000000,True,True,False,True,True,Ready,False,True,Safety checks passed
1785208388.507066,0,TC1,100.000000,72.222222,27.777778,72.222222,0.800000,0.050000,0.000000,True,True,False,True,True,Ready,False,True,Safety checks passed
1785208388.649063,0,TC1,100.000000,72.222222,27.777778,72.222222,0.800000,0.050000,0.000000,True,True,False,True,True,Ready,False,True,Safety checks passed
1785208388.789035,0,TC1,100.000000,72.222222,27.777778,72.222222,0.800000,0.050000,0.000000,True,True,False,True,True,Ready,False,True,Safety checks passed
1785208388.915041,0,TC1,100.000000,72.222222,27.777778,72.222222,0.800000,0.050000,0.000000,True,True,False,True,True,Ready,False,True,Safety checks passed
1785208389.045038,0,TC1,100.000000,72.222222,27.777778,72.222222,0.800000,0.050000,0.000000,True,True,False,True,True,Ready,False,True,Safety checks passed
1785208389.158031,0,TC1,100.000000,72.222222,27.777778,72.222222,0.800000,0.050000,0.000000,True,True,False,True,True,Ready,False,True,Safety checks passed
1785208389.283011,0,TC1,100.000000,72.222222,27.777778,72.222222,0.800000,0.050000,0.000000,True,True,False,True,True,Ready,False,True,Safety checks passed
1785208389.411132,0,TC1,100.000000,72.222222,27.777778,72.222222,0.800000,0.050000,0.000000,True,True,False,True,True,Ready,False,True,Safety checks passed
1785208389.537115,0,TC1,100.000000,72.222222,27.777778,72.222222,0.800000,0.050000,0.000000,True,True,False,True,True,Ready,False,True,Safety checks passed
1785208389.662099,0,TC1,100.000000,72.222222,27.777778,72.222222,0.800000,0.050000,0.000000,True,True,False,True,True,Ready,False,True,Safety checks passed
1785208389.803991,0,TC1,100.000000,72.222222,27.777778,72.222222,0.800000,0.050000,0.000000,True,True,False,True,True,Ready,False,True,Safety checks passed
1785208389.930082,0,TC1,100.000000,72.222222,27.777778,72.222222,0.800000,0.050000,0.000000,True,True,False,True,True,Ready,False,True,Safety checks passed
1785208390.070969,0,TC1,100.000000,72.222222,27.777778,72.222222,0.800000,0.050000,0.000000,True,True,False,True,True,Ready,False,True,Safety checks passed
1785208390.195978,0,TC1,100.000000,72.222222,27.777778,72.222222,0.800000,0.050000,0.000000,True,True,False,True,True,Ready,False,True,Safety checks passed
1785208390.324098,0,TC1,100.000000,72.222222,27.777778,72.222222,0.800000,0.050000,0.000000,True,True,False,True,True,Ready,False,True,Safety checks passed
1785208390.449018,0,TC1,100.000000,72.222222,27.777778,72.222222,0.800000,0.050000,0.000000,True,True,False,True,True,Ready,False,True,Safety checks passed
1785208390.575975,0,TC1,100.000000,72.222222,27.777778,72.222222,0.800000,0.050000,0.000000,True,True,False,True,True,Ready,False,True,Safety checks passed
1785208390.701982,0,TC1,100.000000,72.222222,27.777778,72.222222,0.800000,0.050000,0.000000,True,True,False,True,True,Ready,False,True,Safety checks passed
1785208390.829963,0,TC1,100.000000,72.222222,27.777778,72.222222,0.800000,0.050000,0.000000,True,True,False,True,True,Ready,False,True,Safety checks passed
1785208390.953048,0,TC1,100.000000,72.222222,27.777778,72.222222,0.800000,0.050000,0.000000,True,True,False,True,True,Ready,False,True,Safety checks passed
1785208391.079030,0,TC1,100.000000,72.222222,27.777778,72.222222,0.800000,0.050000,0.000000,True,True,False,True,True,Ready,False,True,Safety checks passed
1785208391.216917,0,TC1,100.000000,72.222222,27.777778,72.222222,0.800000,0.050000,0.000000,True,True,False,True,True,Ready,False,True,Safety checks passed
1785208391.326914,0,TC1,100.000000,72.222222,27.777778,72.222222,0.800000,0.050000,0.000000,True,True,False,True,True,Ready,False,True,Safety checks passed
1785208391.456917,0,TC1,100.000000,72.222222,27.777778,72.222222,0.800000,0.050000,0.000000,True,True,False,True,True,Ready,False,True,Safety checks passed
1785208391.598009,0,TC1,100.000000,72.222222,27.777778,72.222222,0.800000,0.050000,0.000000,True,True,False,True,True,Ready,False,True,Safety checks passed
1785208391.740887,0,TC1,100.000000,72.222222,27.777778,72.222222,0.800000,0.050000,0.000000,True,True,False,True,True,Ready,False,True,Safety checks passed
1785208391.867882,0,TC1,100.000000,72.222222,27.777778,72.222222,0.800000,0.050000,0.000000,True,True,False,True,True,Ready,False,True,Safety checks passed
1785208391.995867,0,TC1,100.000000,72.222222,27.777778,72.222222,0.800000,0.050000,0.000000,True,True,False,True,True,Ready,False,True,Safety checks passed
1785208392.120058,0,TC1,100.000000,72.222222,27.777778,72.222222,0.800000,0.050000,0.000000,True,True,False,True,True,Ready,False,True,Safety checks passed
1785208392.248994,0,TC1,100.000000,72.222222,27.777778,72.222222,0.800000,0.050000,0.000000,True,True,False,True,True,Ready,False,True,Safety checks passed
1785208392.358948,0,TC1,100.000000,72.222222,27.777778,72.222222,0.800000,0.050000,0.000000,True,True,False,True,True,Ready,False,True,Safety checks passed
1785208392.483930,0,TC1,100.000000,72.222222,27.777778,72.222222,0.800000,0.050000,0.000000,True,True,False,True,True,Ready,False,True,Safety checks passed
1785208392.610938,0,TC1,100.000000,72.222222,27.777778,72.222222,0.800000,0.050000,0.000000,True,True,False,True,True,Ready,False,True,Safety checks passed
1785208392.739940,0,TC1,100.000000,72.222222,27.777778,72.222222,0.800000,0.050000,0.000000,True,True,False,True,True,Ready,False,True,Safety checks passed
1785208392.864918,0,TC1,100.000000,72.222222,27.777778,72.222222,0.800000,0.050000,0.000000,True,True,False,True,True,Ready,False,True,Safety checks passed
1785208392.992010,0,TC1,100.000000,72.222222,27.777778,72.222222,0.800000,0.050000,0.000000,True,True,False,True,True,Ready,False,True,Safety checks passed
1785208393.117906,0,TC1,100.000000,72.222222,27.777778,72.222222,0.800000,0.050000,0.000000,True,True,False,True,True,Ready,False,True,Safety checks passed
1785208393.246009,0,TC1,100.000000,72.222222,27.777778,72.222222,0.800000,0.050000,0.000000,True,True,False,True,True,Ready,False,True,Safety checks passed
1785208393.385934,0,TC1,100.000000,72.222222,27.777778,72.222222,0.800000,0.050000,0.000000,True,True,False,True,True,Ready,False,True,Safety checks passed
1785208393.512003,0,TC1,100.000000,72.222222,27.777778,72.222222,0.800000,0.050000,0.000000,True,True,False,True,True,Ready,False,True,Safety checks passed
1785208393.650866,0,TC1,100.000000,72.222222,27.777778,72.222222,0.800000,0.050000,0.000000,True,True,False,True,True,Ready,False,True,Safety checks passed
1785208393.793956,0,TC1,100.000000,72.222222,27.777778,72.222222,0.800000,0.050000,0.000000,True,True,False,True,True,Ready,False,True,Safety checks passed
1785208393.920070,0,TC1,100.000000,72.222222,27.777778,72.222222,0.800000,0.050000,0.000000,True,True,False,True,True,Ready,False,True,Safety checks passed
1785208394.043947,0,TC1,100.000000,72.222222,27.777778,72.222222,0.800000,0.050000,0.000000,True,True,False,True,True,Ready,False,True,Safety checks passed
1785208394.184865,0,TC1,100.000000,72.222222,27.777778,72.222222,0.800000,0.050000,0.000000,True,True,False,True,True,Ready,False,True,Safety checks passed
1785208394.310842,0,TC1,100.000000,72.222222,27.777778,72.222222,0.800000,0.050000,0.000000,True,True,False,True,True,Ready,False,True,Safety checks passed
1785208394.439828,0,TC1,100.000000,72.222222,27.777778,72.222222,0.800000,0.050000,0.000000,True,True,False,True,True,Ready,False,True,Safety checks passed
1785208394.566925,0,TC1,100.000000,72.222222,27.777778,72.222222,0.800000,0.050000,0.000000,True,True,False,True,True,Ready,False,True,Safety checks passed
1785208394.694814,0,TC1,100.000000,72.222222,27.777778,72.222222,0.800000,0.050000,0.000000,True,True,False,True,True,Ready,False,True,Safety checks passed
1785208394.832908,0,TC1,100.000000,72.222222,27.777778,72.222222,0.800000,0.050000,0.000000,True,True,False,True,True,Ready,False,True,Safety checks passed
1785208394.961817,0,TC1,100.000000,72.222222,27.777778,72.222222,0.800000,0.050000,0.000000,True,True,False,True,True,Ready,False,True,Safety checks passed
1785208395.086907,0,TC1,100.000000,72.222222,27.777778,72.222222,0.800000,0.050000,0.000000,True,True,False,True,True,Ready,False,True,Safety checks passed
1785208395.229897,0,TC1,100.000000,72.222222,27.777778,72.222222,0.800000,0.050000,0.000000,True,True,False,True,True,Ready,False,True,Safety checks passed
1785208395.370893,0,TC1,100.000000,72.222222,27.777778,72.222222,0.800000,0.050000,0.000000,True,True,False,True,True,Ready,False,True,Safety checks passed
1785208395.496767,0,TC1,100.000000,72.222222,27.777778,72.222222,0.800000,0.050000,0.000000,True,True,False,True,True,Ready,False,True,Safety checks passed
1785208395.609773,0,TC1,100.000000,72.222222,27.777778,72.222222,0.800000,0.050000,0.000000,True,True,False,True,True,Ready,False,True,Safety checks passed
1785208395.735863,0,TC1,100.000000,72.222222,27.777778,72.222222,0.800000,0.050000,0.000000,True,True,False,True,True,Ready,False,True,Safety checks passed
1785208395.862763,0,TC1,100.000000,72.222222,27.777778,72.222222,0.800000,0.050000,0.000000,True,True,False,True,True,Ready,False,True,Safety checks passed
1785208395.990740,0,TC1,100.000000,72.222222,27.777778,72.222222,0.800000,0.050000,0.000000,True,True,False,True,True,Ready,False,True,Safety checks passed
1785208396.115732,0,TC1,100.000000,72.222222,27.777778,72.222222,0.800000,0.050000,0.000000,True,True,False,True,True,Ready,False,True,Safety checks passed
1785208396.245852,0,TC1,100.000000,72.222222,27.777778,72.222222,0.800000,0.050000,0.000000,True,True,False,True,True,Ready,False,True,Safety checks passed
1785208396.385851,0,TC1,100.000000,72.222222,27.777778,72.222222,0.800000,0.050000,0.000000,True,True,False,True,True,Ready,False,True,Safety checks passed
1785208396.511821,0,TC1,100.000000,72.222222,27.777778,72.222222,0.800000,0.050000,0.000000,True,True,False,True,True,Ready,False,True,Safety checks passed
1785208396.640715,0,TC1,100.000000,72.222222,27.777778,72.222222,0.800000,0.050000,0.000000,True,True,False,True,True,Ready,False,True,Safety checks passed
1785208396.766702,0,TC1,100.000000,72.222222,27.777778,72.222222,0.800000,0.050000,0.000000,True,True,False,True,True,Ready,False,True,Safety checks passed
1785208396.893697,0,TC1,100.000000,72.222222,27.777778,72.222222,0.800000,0.050000,0.000000,True,True,False,True,True,Ready,False,True,Safety checks passed
1785208397.021684,0,TC1,100.000000,72.222222,27.777778,72.222222,0.800000,0.050000,0.000000,True,True,False,True,True,Ready,False,True,Safety checks passed
1785208397.148812,0,TC1,100.000000,72.222222,27.777778,72.222222,0.800000,0.050000,0.000000,True,True,False,True,True,Ready,False,True,Safety checks passed
1785208397.275687,0,TC1,100.000000,72.222222,27.777778,72.222222,0.800000,0.050000,0.000000,True,True,False,True,True,Ready,False,True,Safety checks passed
1785208397.415677,0,TC1,100.000000,72.222222,27.777778,72.222222,0.800000,0.050000,0.000000,True,True,False,True,True,Ready,False,True,Safety checks passed
1785208397.541669,0,TC1,100.000000,72.222222,27.777778,72.222222,0.800000,0.050000,0.000000,True,True,False,True,True,Ready,False,True,Safety checks passed
1785208397.668756,0,TC1,100.000000,72.222222,27.777778,72.222222,0.800000,0.050000,0.000000,True,True,False,True,True,Ready,False,True,Safety checks passed
1785208397.795749,0,TC1,100.000000,72.222222,27.777778,72.222222,0.800000,0.050000,0.000000,True,True,False,True,True,Ready,False,True,Safety checks passed
1785208397.933630,0,TC1,100.000000,72.222222,27.777778,72.222222,0.800000,0.050000,0.000000,True,True,False,True,True,Ready,False,True,Safety checks passed
1785208398.060762,0,TC1,100.000000,72.222222,27.777778,72.222222,0.800000,0.050000,0.000000,True,True,False,True,True,Ready,False,True,Safety checks passed
1785208398.186732,0,TC1,100.000000,72.222222,27.777778,72.222222,0.800000,0.050000,0.000000,True,True,False,True,True,Ready,False,True,Safety checks passed
1785208398.326748,0,TC1,100.000000,72.222222,27.777778,72.222222,0.800000,0.050000,0.000000,True,True,False,True,True,Ready,False,True,Safety checks passed
1785208398.469647,0,TC1,100.000000,72.222222,27.777778,72.222222,0.800000,0.050000,0.000000,True,True,False,True,True,Ready,False,True,Safety checks passed
1785208398.597615,0,TC1,100.000000,72.222222,27.777778,72.222222,0.800000,0.050000,0.000000,True,True,False,True,True,Ready,False,True,Safety checks passed
1785208398.738646,0,TC1,100.000000,72.222222,27.777778,72.222222,0.800000,0.050000,0.000000,True,True,False,True,True,Ready,False,True,Safety checks passed
1785208398.865582,0,TC1,100.000000,72.222222,27.777778,72.222222,0.800000,0.050000,0.000000,True,True,False,True,True,Ready,False,True,Safety checks passed
1785208398.991698,0,TC1,100.000000,72.222222,27.777778,72.222222,0.800000,0.050000,0.000000,True,True,False,True,True,Ready,False,True,Safety checks passed
1785208399.118577,0,TC1,100.000000,72.222222,27.777778,72.222222,0.800000,0.050000,0.000000,True,True,False,True,True,Ready,False,True,Safety checks passed
1785208399.244685,0,TC1,100.000000,72.222222,27.777778,72.222222,0.800000,0.050000,0.000000,True,True,False,True,True,Ready,False,True,Safety checks passed
1785208399.371665,0,TC1,100.000000,72.222222,27.777778,72.222222,0.800000,0.050000,0.000000,True,True,False,True,True,Ready,False,True,Safety checks passed
1785208399.496563,0,TC1,100.000000,72.222222,27.777778,72.222222,0.800000,0.050000,0.000000,True,True,False,True,True,Ready,False,True,Safety checks passed
1785208399.607542,0,TC1,100.000000,72.222222,27.777778,72.222222,0.800000,0.050000,0.000000,True,True,False,True,True,Ready,False,True,Safety checks passed
1785208399.734553,0,TC1,100.000000,72.222222,27.777778,72.222222,0.800000,0.050000,0.000000,True,True,False,True,True,Ready,False,True,Safety checks passed
1785208399.861538,0,TC1,100.000000,72.222222,27.777778,72.222222,0.800000,0.050000,0.000000,True,True,False,True,True,Ready,False,True,Safety checks passed
1785208399.989541,0,TC1,100.000000,72.222222,27.777778,72.222222,0.800000,0.050000,0.000000,True,True,False,True,True,Ready,False,True,Safety checks passed
1785208400.114602,0,TC1,100.000000,72.222222,27.777778,72.222222,0.800000,0.050000,0.000000,True,True,False,True,True,Ready,False,True,Safety checks passed
1785208400.240696,0,TC1,100.000000,72.222222,27.777778,72.222222,0.800000,0.050000,0.000000,True,True,False,True,True,Ready,False,True,Safety checks passed
1785208400.366622,0,TC1,100.000000,72.222222,27.777778,72.222222,0.800000,0.050000,0.000000,True,True,False,True,True,Ready,False,True,Safety checks passed
1785208400.491602,0,TC1,100.000000,72.222222,27.777778,72.222222,0.800000,0.050000,0.000000,True,True,False,True,True,Ready,False,True,Safety checks passed
1785208400.619597,0,TC1,100.000000,72.222222,27.777778,72.222222,0.800000,0.050000,0.000000,True,True,False,True,True,Ready,False,True,Safety checks passed
1785208400.748486,0,TC1,100.000000,72.222222,27.777778,72.222222,0.800000,0.050000,0.000000,True,True,False,True,True,Ready,False,True,Safety checks passed
1785208400.873472,0,TC1,100.000000,72.222222,27.777778,72.222222,0.800000,0.050000,0.000000,True,True,False,True,True,Ready,False,True,Safety checks passed
1785208401.002586,0,TC1,100.000000,72.222222,27.777778,72.222222,0.800000,0.050000,0.000000,True,True,False,True,True,Ready,False,True,Safety checks passed
1785208401.128476,0,TC1,100.000000,72.222222,27.777778,72.222222,0.800000,0.050000,0.000000,True,True,False,True,True,Ready,False,True,Safety checks passed
1785208401.268561,0,TC1,100.000000,72.222222,27.777778,72.222222,0.800000,0.050000,0.000000,True,True,False,True,True,Ready,False,True,Safety checks passed
1785208401.395571,0,TC1,100.000000,72.222222,27.777778,72.222222,0.800000,0.050000,0.000000,True,True,False,True,True,Ready,False,True,Safety checks passed
1785208401.522452,0,TC1,100.000000,72.222222,27.777778,72.222222,0.800000,0.050000,0.000000,True,True,False,True,True,Ready,False,True,Safety checks passed
1785208401.665433,0,TC1,100.000000,72.222222,27.777778,72.222222,0.800000,0.050000,0.000000,True,True,False,True,True,Ready,False,True,Safety checks passed
1785208401.791424,0,TC1,100.000000,72.222222,27.777778,72.222222,0.800000,0.050000,0.000000,True,True,False,True,True,Ready,False,True,Safety checks passed
1785208401.919421,0,TC1,100.000000,72.222222,27.777778,72.222222,0.800000,0.050000,0.000000,True,True,False,True,True,Ready,False,True,Safety checks passed
1785208402.059408,0,TC1,100.000000,72.222222,27.777778,72.222222,0.800000,0.050000,0.000000,True,True,False,True,True,Ready,False,True,Safety checks passed
1785208402.187506,0,TC1,100.000000,72.222222,27.777778,72.222222,0.800000,0.050000,0.000000,True,True,False,True,True,Ready,False,True,Safety checks passed
1785208402.315567,0,TC1,100.000000,72.222222,27.777778,72.222222,0.800000,0.050000,0.000000,True,True,False,True,True,Ready,False,True,Safety checks passed
1785208402.441394,0,TC1,100.000000,72.222222,27.777778,72.222222,0.800000,0.050000,0.000000,True,True,False,True,True,Ready,False,True,Safety checks passed
1785208402.583384,0,TC1,100.000000,72.222222,27.777778,72.222222,0.800000,0.050000,0.000000,True,True,False,True,True,Ready,False,True,Safety checks passed
1785208402.711388,0,TC1,100.000000,72.222222,27.777778,72.222222,0.800000,0.050000,0.000000,True,True,False,True,True,Ready,False,True,Safety checks passed
1785208402.852376,0,TC1,100.000000,72.222222,27.777778,72.222222,0.800000,0.050000,0.000000,True,True,False,True,True,Ready,False,True,Safety checks passed
1785208402.979369,0,TC1,100.000000,72.222222,27.777778,72.222222,0.800000,0.050000,0.000000,True,True,False,True,True,Ready,False,True,Safety checks passed
1785208403.121354,0,TC1,100.000000,72.222222,27.777778,72.222222,0.800000,0.050000,0.000000,True,True,False,True,True,Ready,False,True,Safety checks passed
1785208403.247348,0,TC1,100.000000,72.222222,27.777778,72.222222,0.800000,0.050000,0.000000,True,True,False,True,True,Ready,False,True,Safety checks passed
1785208403.358461,0,TC1,100.000000,72.222222,27.777778,72.222222,0.800000,0.050000,0.000000,True,True,False,True,True,Ready,False,True,Safety checks passed
1785208403.487456,0,TC1,100.000000,72.222222,27.777778,72.222222,0.800000,0.050000,0.000000,True,True,False,True,True,Ready,False,True,Safety checks passed
1785208403.611437,0,TC1,100.000000,72.222222,27.777778,72.222222,0.800000,0.050000,0.000000,True,True,False,True,True,Ready,False,True,Safety checks passed
1785208403.739331,0,TC1,100.000000,72.222222,27.777778,72.222222,0.800000,0.050000,0.000000,True,True,False,True,True,Ready,False,True,Safety checks passed
1785208403.864845,0,TC1,100.000000,72.222222,27.777778,72.222222,0.800000,0.050000,0.000000,True,True,False,True,True,Ready,False,True,Safety checks passed
1785208403.992928,0,TC1,100.000000,72.222222,27.777778,72.222222,0.800000,0.050000,0.000000,True,True,False,True,True,Ready,False,True,Safety checks passed
1785208404.120931,0,TC1,100.000000,72.222222,27.777778,72.222222,0.800000,0.050000,0.000000,True,True,False,True,True,Ready,False,True,Safety checks passed
1785208404.246800,0,TC1,100.000000,72.222222,27.777778,72.222222,0.800000,0.050000,0.000000,True,True,False,True,True,Ready,False,True,Safety checks passed
1785208404.373173,0,TC1,100.000000,72.222222,27.777778,72.222222,0.800000,0.050000,0.000000,True,True,False,True,True,Ready,False,True,Safety checks passed
1785208404.483488,0,TC1,100.000000,72.222222,27.777778,72.222222,0.800000,0.050000,0.000000,True,True,False,True,True,Ready,False,True,Safety checks passed
1785208404.610631,0,TC1,100.000000,72.222222,27.777778,72.222222,0.800000,0.050000,0.000000,True,True,False,True,True,Ready,False,True,Safety checks passed
1785208404.734322,0,TC1,100.000000,72.222222,27.777778,72.222222,0.800000,0.050000,0.000000,True,True,False,True,True,Ready,False,True,Safety checks passed
1785208404.861208,0,TC1,100.000000,72.222222,27.777778,72.222222,0.800000,0.050000,0.000000,True,True,False,True,True,Ready,False,True,Safety checks passed
1785208404.988236,0,TC1,100.000000,72.222222,27.777778,72.222222,0.800000,0.050000,0.000000,True,True,False,True,True,Ready,False,True,Safety checks passed
1785208405.115403,0,TC1,100.000000,72.222222,27.777778,72.222222,0.800000,0.050000,0.000000,True,True,False,True,True,Ready,False,True,Safety checks passed
1785208405.242508,0,TC1,100.000000,72.222222,27.777778,72.222222,0.800000,0.050000,0.000000,True,True,False,True,True,Ready,False,True,Safety checks passed
1785208405.369403,0,TC1,100.000000,72.222222,27.777778,72.222222,0.800000,0.050000,0.000000,True,True,False,True,True,Ready,False,True,Safety checks passed
1785208405.495380,0,TC1,100.000000,72.222222,27.777778,72.222222,0.800000,0.050000,0.000000,True,True,False,True,True,Ready,False,True,Safety checks passed
1785208405.623395,0,TC1,100.000000,72.222222,27.777778,72.222222,0.800000,0.050000,0.000000,True,True,False,True,True,Ready,False,True,Safety checks passed
1785208405.736506,0,TC1,100.000000,72.222222,27.777778,72.222222,0.800000,0.050000,0.000000,True,True,False,True,True,Ready,False,True,Safety checks passed
1785208405.862513,0,TC1,100.000000,72.222222,27.777778,72.222222,0.800000,0.050000,0.000000,True,True,False,True,True,Ready,False,True,Safety checks passed
1785208405.988502,0,TC1,100.000000,72.222222,27.777778,72.222222,0.800000,0.050000,0.000000,True,True,False,True,True,Ready,False,True,Safety checks passed
1785208406.115364,0,TC1,100.000000,72.222222,27.777778,72.222222,0.800000,0.050000,0.000000,True,True,False,True,True,Ready,False,True,Safety checks passed
1785208406.240919,0,TC1,100.000000,72.222222,27.777778,72.222222,0.800000,0.050000,0.000000,True,True,False,True,True,Ready,False,True,Safety checks passed
1785208406.365948,0,TC1,100.000000,72.222222,27.777778,72.222222,0.800000,0.050000,0.000000,True,True,False,True,True,Ready,False,True,Safety checks passed
1785208406.492849,0,TC1,100.000000,72.222222,27.777778,72.222222,0.800000,0.050000,0.000000,True,True,False,True,True,Ready,False,True,Safety checks passed
1785208406.620842,0,TC1,100.000000,72.222222,27.777778,72.222222,0.800000,0.050000,0.000000,True,True,False,True,True,Ready,False,True,Safety checks passed
1785208406.747977,0,TC1,100.000000,72.222222,27.777778,72.222222,0.800000,0.050000,0.000000,True,True,False,True,True,Ready,False,True,Safety checks passed
1785208406.859336,0,TC1,100.000000,72.222222,27.777778,72.222222,0.800000,0.050000,0.000000,True,True,False,True,True,Ready,False,True,Safety checks passed
1785208406.988456,0,TC1,100.000000,72.222222,27.777778,72.222222,0.800000,0.050000,0.000000,True,True,False,True,True,Ready,False,True,Safety checks passed
1785208407.114352,0,TC1,100.000000,72.222222,27.777778,72.222222,0.800000,0.050000,0.000000,True,True,False,True,True,Ready,False,True,Safety checks passed
1785208407.240443,0,TC1,100.000000,72.222222,27.777778,72.222222,0.800000,0.050000,0.000000,True,True,False,True,True,Ready,False,True,Safety checks passed
1785208407.367387,0,TC1,100.000000,72.222222,27.777778,72.222222,0.800000,0.050000,0.000000,True,True,False,True,True,Ready,False,True,Safety checks passed
1785208407.492300,0,TC1,100.000000,72.222222,27.777778,72.222222,0.800000,0.050000,0.000000,True,True,False,True,True,Ready,False,True,Safety checks passed
1785208407.618757,0,TC1,100.000000,72.222222,27.777778,72.222222,0.800000,0.050000,0.000000,True,True,False,True,True,Ready,False,True,Safety checks passed
1785208407.746645,0,TC1,100.000000,72.222222,27.777778,72.222222,0.800000,0.050000,0.000000,True,True,False,True,True,Ready,False,True,Safety checks passed
1785208407.872066,0,TC1,100.000000,72.222222,27.777778,72.222222,0.800000,0.050000,0.000000,True,True,False,True,True,Ready,False,True,Safety checks passed
1785208407.985062,0,TC1,100.000000,72.222222,27.777778,72.222222,0.800000,0.050000,0.000000,True,True,False,True,True,Ready,False,True,Safety checks passed
1785208408.112797,0,TC1,100.000000,72.222222,27.777778,72.222222,0.800000,0.050000,0.000000,True,True,False,True,True,Ready,False,True,Safety checks passed
1785208408.240756,0,TC1,100.000000,72.222222,27.777778,72.222222,0.800000,0.050000,0.000000,True,True,False,True,True,Ready,False,True,Safety checks passed
1785208408.364672,0,TC1,100.000000,72.222222,27.777778,72.222222,0.800000,0.050000,0.000000,True,True,False,True,True,Ready,False,True,Safety checks passed
1785208408.505663,0,TC1,100.000000,72.222222,27.777778,72.222222,0.800000,0.050000,0.000000,True,True,False,True,True,Ready,False,True,Safety checks passed
1785208408.630659,0,TC1,100.000000,72.222222,27.777778,72.222222,0.800000,0.050000,0.000000,True,True,False,True,True,Ready,False,True,Safety checks passed
1785208408.758708,0,TC1,100.000000,72.222222,27.777778,72.222222,0.800000,0.050000,0.000000,True,True,False,True,True,Ready,False,True,Safety checks passed
1785208408.885240,0,TC1,100.000000,72.222222,27.777778,72.222222,0.800000,0.050000,0.000000,True,True,False,True,True,Ready,False,True,Safety checks passed
1785208409.025586,0,TC1,100.000000,72.222222,27.777778,72.222222,0.800000,0.050000,0.000000,True,True,False,True,True,Ready,False,True,Safety checks passed
1785208409.167559,0,TC1,100.000000,72.222222,27.777778,72.222222,0.800000,0.050000,0.000000,True,True,False,True,True,Ready,False,True,Safety checks passed
1785208409.280563,0,TC1,100.000000,72.222222,27.777778,72.222222,0.800000,0.050000,0.000000,True,True,False,True,True,Ready,False,True,Safety checks passed
1785208409.407686,0,TC1,100.000000,72.222222,27.777778,72.222222,0.800000,0.050000,0.000000,True,True,False,True,True,Ready,False,True,Safety checks passed
1785208409.533553,0,TC1,100.000000,72.222222,27.777778,72.222222,0.800000,0.050000,0.000000,True,True,False,True,True,Ready,False,True,Safety checks passed
1785208409.660628,0,TC1,100.000000,72.222222,27.777778,72.222222,0.800000,0.050000,0.000000,True,True,False,True,True,Ready,False,True,Safety checks passed
1785208409.787610,0,TC1,100.000000,72.222222,27.777778,72.222222,0.800000,0.050000,0.000000,True,True,False,True,True,Ready,False,True,Safety checks passed
1785208409.928710,0,TC1,100.000000,72.222222,27.777778,72.222222,0.800000,0.050000,0.000000,True,True,False,True,True,Ready,False,True,Safety checks passed
1785208410.056593,0,TC1,100.000000,72.222222,27.777778,72.222222,0.800000,0.050000,0.000000,True,True,False,True,True,Ready,False,True,Safety checks passed
1785208410.181580,0,TC1,100.000000,72.222222,27.777778,72.222222,0.800000,0.050000,0.000000,True,True,False,True,True,Ready,False,True,Safety checks passed
1785208410.308883,0,TC1,100.000000,72.222222,27.777778,72.222222,0.800000,0.050000,0.000000,True,True,False,True,True,Ready,False,True,Safety checks passed
1785208410.420441,0,TC1,100.000000,72.222222,27.777778,72.222222,0.800000,0.050000,0.000000,True,True,False,True,True,Ready,False,True,Safety checks passed
1785208410.548479,0,TC1,100.000000,72.222222,27.777778,72.222222,0.800000,0.050000,0.000000,True,True,False,True,True,Ready,False,True,Safety checks passed
1785208410.674532,0,TC1,100.000000,72.222222,27.777778,72.222222,0.800000,0.050000,0.000000,True,True,False,True,True,Ready,False,True,Safety checks passed
1785208410.815395,0,TC1,100.000000,72.222222,27.777778,72.222222,0.800000,0.050000,0.000000,True,True,False,True,True,Ready,False,True,Safety checks passed
1785208410.943521,0,TC1,100.000000,72.222222,27.777778,72.222222,0.800000,0.050000,0.000000,True,True,False,True,True,Ready,False,True,Safety checks passed
1785208411.070395,0,TC1,100.000000,72.222222,27.777778,72.222222,0.800000,0.050000,0.000000,True,True,False,True,True,Ready,False,True,Safety checks passed
1785208411.195487,0,TC1,100.000000,72.222222,27.777778,72.222222,0.800000,0.050000,0.000000,True,True,False,True,True,Ready,False,True,Safety checks passed
1785208411.322366,0,TC1,100.000000,72.222222,27.777778,72.222222,0.800000,0.050000,0.000000,True,True,False,True,True,Ready,False,True,Safety checks passed
1785208411.447441,0,TC1,100.000000,72.222222,27.777778,72.222222,0.800000,0.050000,0.000000,True,True,False,True,True,Ready,False,True,Safety checks passed
1785208411.574463,0,TC1,100.000000,72.222222,27.777778,72.222222,0.800000,0.050000,0.000000,True,True,False,True,True,Ready,False,True,Safety checks passed
1785208411.687554,0,TC1,100.000000,72.222222,27.777778,72.222222,0.800000,0.050000,0.000000,True,True,False,True,True,Ready,False,True,Safety checks passed
1785208411.816449,0,TC1,100.000000,72.222222,27.777778,72.222222,0.800000,0.050000,0.000000,True,True,False,True,True,Ready,False,True,Safety checks passed
1785208411.941903,0,TC1,100.000000,72.222222,27.777778,72.222222,0.800000,0.050000,0.000000,True,True,False,True,True,Ready,False,True,Safety checks passed
1785208412.085900,0,TC1,100.000000,72.222222,27.777778,72.222222,0.800000,0.050000,0.000000,True,True,False,True,True,Ready,False,True,Safety checks passed
1785208412.210874,0,TC1,100.000000,72.222222,27.777778,72.222222,0.800000,0.050000,0.000000,True,True,False,True,True,Ready,False,True,Safety checks passed
1785208412.339899,0,TC1,100.000000,72.222222,27.777778,72.222222,0.800000,0.050000,0.000000,True,True,False,True,True,Ready,False,True,Safety checks passed
1785208412.464891,0,TC1,100.000000,72.222222,27.777778,72.222222,0.800000,0.050000,0.000000,True,True,False,True,True,Ready,False,True,Safety checks passed
1785208412.591885,0,TC1,100.000000,72.222222,27.777778,72.222222,0.800000,0.050000,0.000000,True,True,False,True,True,Ready,False,True,Safety checks passed
1785208412.731826,0,TC1,100.000000,72.222222,27.777778,72.222222,0.800000,0.050000,0.000000,True,True,False,True,True,Ready,False,True,Safety checks passed
1785208412.875409,0,TC1,100.000000,72.222222,27.777778,72.222222,0.800000,0.050000,0.000000,True,True,False,True,True,Ready,False,True,Safety checks passed
1785208413.001402,0,TC1,100.000000,72.222222,27.777778,72.222222,0.800000,0.050000,0.000000,True,True,False,True,True,Ready,False,True,Safety checks passed
1785208413.140518,0,TC1,100.000000,72.222222,27.777778,72.222222,0.800000,0.050000,0.000000,True,True,False,True,True,Ready,False,True,Safety checks passed
1785208413.267509,0,TC1,100.000000,72.222222,27.777778,72.222222,0.800000,0.050000,0.000000,True,True,False,True,True,Ready,False,True,Safety checks passed
1785208413.395370,0,TC1,100.000000,72.222222,27.777778,72.222222,0.800000,0.050000,0.000000,True,True,False,True,True,Ready,False,True,Safety checks passed
1785208413.521471,0,TC1,100.000000,72.222222,27.777778,72.222222,0.800000,0.050000,0.000000,True,True,False,True,True,Ready,False,True,Safety checks passed
1785208413.640651,0,TC1,100.000000,72.222222,27.777778,72.222222,0.800000,0.050000,0.000000,True,True,False,True,True,Ready,False,True,Safety checks passed
1785208413.765155,0,TC1,100.000000,72.222222,27.777778,72.222222,0.800000,0.050000,0.000000,True,True,False,True,True,Ready,False,True,Safety checks passed
1785208413.901365,0,TC1,100.000000,72.222222,27.777778,72.222222,0.800000,0.050000,0.000000,True,True,False,True,True,Ready,False,True,Safety checks passed
1785208414.028408,0,TC1,100.000000,72.222222,27.777778,72.222222,0.800000,0.050000,0.000000,True,True,False,True,True,Ready,False,True,Safety checks passed
1785208414.156315,0,TC1,100.000000,72.222222,27.777778,72.222222,0.800000,0.050000,0.000000,True,True,False,True,True,Ready,False,True,Safety checks passed
1785208414.283252,0,TC1,100.000000,72.222222,27.777778,72.222222,0.800000,0.050000,0.000000,True,True,False,True,True,Ready,False,True,Safety checks passed
1785208414.412368,0,TC1,100.000000,72.222222,27.777778,72.222222,0.800000,0.050000,0.000000,True,True,False,True,True,Ready,False,True,Safety checks passed
1785208414.552359,0,TC1,100.000000,72.222222,27.777778,72.222222,0.800000,0.050000,0.000000,True,True,False,True,True,Ready,False,True,Safety checks passed
1785208414.691245,0,TC1,100.000000,72.222222,27.777778,72.222222,0.800000,0.050000,0.000000,True,True,False,True,True,Ready,False,True,Safety checks passed
1785208414.830925,0,TC1,100.000000,72.222222,27.777778,72.222222,0.800000,0.050000,0.000000,True,True,False,True,True,Ready,False,True,Safety checks passed
1785208414.956957,0,TC1,100.000000,72.222222,27.777778,72.222222,0.800000,0.050000,0.000000,True,True,False,True,True,Ready,False,True,Safety checks passed
1785208415.099240,0,TC1,100.000000,72.222222,27.777778,72.222222,0.800000,0.050000,0.000000,True,True,False,True,True,Ready,False,True,Safety checks passed
1785208415.226857,0,TC1,100.000000,72.222222,27.777778,72.222222,0.800000,0.050000,0.000000,True,True,False,True,True,Ready,False,True,Safety checks passed
1785208415.355753,0,TC1,100.000000,72.222222,27.777778,72.222222,0.800000,0.050000,0.000000,True,True,False,True,True,Ready,False,True,Safety checks passed
1785208415.480736,0,TC1,100.000000,72.222222,27.777778,72.222222,0.800000,0.050000,0.000000,True,True,False,True,True,Ready,False,True,Safety checks passed
1785208415.607726,0,TC1,100.000000,72.222222,27.777778,72.222222,0.800000,0.050000,0.000000,True,True,False,True,True,Ready,False,True,Safety checks passed
1785208415.732858,0,TC1,100.000000,72.222222,27.777778,72.222222,0.800000,0.050000,0.000000,True,True,False,True,True,Ready,False,True,Safety checks passed
1785208415.859855,0,TC1,100.000000,72.222222,27.777778,72.222222,0.800000,0.050000,0.000000,True,True,False,True,True,Ready,False,True,Safety checks passed
1785208415.987736,0,TC1,100.000000,72.222222,27.777778,72.222222,0.800000,0.050000,0.000000,True,True,False,True,True,Ready,False,True,Safety checks passed
1785208416.114823,0,TC1,100.000000,72.222222,27.777778,72.222222,0.800000,0.050000,0.000000,True,True,False,True,True,Ready,False,True,Safety checks passed
1785208416.255321,0,TC1,100.000000,72.222222,27.777778,72.222222,0.800000,0.050000,0.000000,True,True,False,True,True,Ready,False,True,Safety checks passed
1785208416.383468,0,TC1,100.000000,72.222222,27.777778,72.222222,0.800000,0.050000,0.000000,True,True,False,True,True,Ready,False,True,Safety checks passed
1785208416.509270,0,TC1,100.000000,72.222222,27.777778,72.222222,0.800000,0.050000,0.000000,True,True,False,True,True,Ready,False,True,Safety checks passed
1785208416.636247,0,TC1,100.000000,72.222222,27.777778,72.222222,0.800000,0.050000,0.000000,True,True,False,True,True,Ready,False,True,Safety checks passed
1785208416.763280,0,TC1,100.000000,72.222222,27.777778,72.222222,0.800000,0.050000,0.000000,True,True,False,True,True,Ready,False,True,Safety checks passed
1785208416.887213,0,TC1,100.000000,72.222222,27.777778,72.222222,0.800000,0.050000,0.000000,True,True,False,True,True,Ready,False,True,Safety checks passed
1785208416.999214,0,TC1,100.000000,72.222222,27.777778,72.222222,0.800000,0.050000,0.000000,True,True,False,True,True,Ready,False,True,Safety checks passed
1785208417.126870,0,TC1,100.000000,72.222222,27.777778,72.222222,0.800000,0.050000,0.000000,True,True,False,True,True,Ready,False,True,Safety checks passed
1785208417.253861,0,TC1,100.000000,72.222222,27.777778,72.222222,0.800000,0.050000,0.000000,True,True,False,True,True,Ready,False,True,Safety checks passed
1785208417.379307,0,TC1,100.000000,72.222222,27.777778,72.222222,0.800000,0.050000,0.000000,True,True,False,True,True,Ready,False,True,Safety checks passed
1785208417.505319,0,TC1,100.000000,72.222222,27.777778,72.222222,0.800000,0.050000,0.000000,True,True,False,True,True,Ready,False,True,Safety checks passed
1785208417.634331,0,TC1,100.000000,72.222222,27.777778,72.222222,0.800000,0.050000,0.000000,True,True,False,True,True,Ready,False,True,Safety checks passed
1785208417.775305,0,TC1,100.000000,72.222222,27.777778,72.222222,0.800000,0.050000,0.000000,True,True,False,True,True,Ready,False,True,Safety checks passed
1785208417.916981,0,TC1,100.000000,72.222222,27.777778,72.222222,0.800000,0.050000,0.000000,True,True,False,True,True,Ready,False,True,Safety checks passed
1785208418.041191,0,TC1,100.000000,72.222222,27.777778,72.222222,0.800000,0.050000,0.000000,True,True,False,True,True,Ready,False,True,Safety checks passed
1785208418.169293,0,TC1,100.000000,72.222222,27.777778,72.222222,0.800000,0.050000,0.000000,True,True,False,True,True,Ready,False,True,Safety checks passed
1785208418.280611,0,TC1,100.000000,72.222222,27.777778,72.222222,0.800000,0.050000,0.000000,True,True,False,True,True,Ready,False,True,Safety checks passed
1785208418.408716,0,TC1,100.000000,72.222222,27.777778,72.222222,0.800000,0.050000,0.000000,True,True,False,True,True,Ready,False,True,Safety checks passed
1785208418.533611,0,TC1,100.000000,72.222222,27.777778,72.222222,0.800000,0.050000,0.000000,True,True,False,True,True,Ready,False,True,Safety checks passed
1785208418.660726,0,TC1,100.000000,72.222222,27.777778,72.222222,0.800000,0.050000,0.000000,True,True,False,True,True,Ready,False,True,Safety checks passed
1785208418.786201,0,TC1,100.000000,72.222222,27.777778,72.222222,0.800000,0.050000,0.000000,True,True,False,True,True,Ready,False,True,Safety checks passed
1785208418.913962,0,TC1,100.000000,72.222222,27.777778,72.222222,0.800000,0.050000,0.000000,True,True,False,True,True,Ready,False,True,Safety checks passed
1785208419.040946,0,TC1,100.000000,72.222222,27.777778,72.222222,0.800000,0.050000,0.000000,True,True,False,True,True,Ready,False,True,Safety checks passed
1785208419.180970,0,TC1,100.000000,72.222222,27.777778,72.222222,0.800000,0.050000,0.000000,True,True,False,True,True,Ready,False,True,Safety checks passed
1785208419.308938,0,TC1,100.000000,72.222222,27.777778,72.222222,0.800000,0.050000,0.000000,True,True,False,True,True,Ready,False,True,Safety checks passed
1785208419.419326,0,TC1,100.000000,72.222222,27.777778,72.222222,0.800000,0.050000,0.000000,True,True,False,True,True,Ready,False,True,Safety checks passed
1785208419.545299,0,TC1,100.000000,72.222222,27.777778,72.222222,0.800000,0.050000,0.000000,True,True,False,True,True,Ready,False,True,Safety checks passed
1785208419.688181,0,TC1,100.000000,72.222222,27.777778,72.222222,0.800000,0.050000,0.000000,True,True,False,True,True,Ready,False,True,Safety checks passed
1785208419.813567,0,TC1,100.000000,72.222222,27.777778,72.222222,0.800000,0.050000,0.000000,True,True,False,True,True,Ready,False,True,Safety checks passed
1785208419.938467,0,TC1,100.000000,72.222222,27.777778,72.222222,0.800000,0.050000,0.000000,True,True,False,True,True,Ready,False,True,Safety checks passed
1785208420.065455,0,TC1,100.000000,72.222222,27.777778,72.222222,0.800000,0.050000,0.000000,True,True,False,True,True,Ready,False,True,Safety checks passed
1785208420.193464,0,TC1,100.000000,72.222222,27.777778,72.222222,0.800000,0.050000,0.000000,True,True,False,True,True,Ready,False,True,Safety checks passed
1785208420.318555,0,TC1,100.000000,72.222222,27.777778,72.222222,0.800000,0.050000,0.000000,True,True,False,True,True,Ready,False,True,Safety checks passed
1785208420.443424,0,TC1,100.000000,72.222222,27.777778,72.222222,0.800000,0.050000,0.000000,True,True,False,True,True,Ready,False,True,Safety checks passed
1785208420.571292,0,TC1,100.000000,72.222222,27.777778,72.222222,0.800000,0.050000,0.000000,True,True,False,True,True,Ready,False,True,Safety checks passed
1785208420.698404,0,TC1,100.000000,72.222222,27.777778,72.222222,0.800000,0.050000,0.000000,True,True,False,True,True,Ready,False,True,Safety checks passed
1785208420.825391,0,TC1,100.000000,72.222222,27.777778,72.222222,0.800000,0.050000,0.000000,True,True,False,True,True,Ready,False,True,Safety checks passed
1785208420.953371,0,TC1,100.000000,72.222222,27.777778,72.222222,0.800000,0.050000,0.000000,True,True,False,True,True,Ready,False,True,Safety checks passed
1785208421.079950,0,TC1,100.000000,72.222222,27.777778,72.222222,0.800000,0.050000,0.000000,True,True,False,True,True,Ready,False,True,Safety checks passed
1785208421.210095,0,TC1,100.000000,72.222222,27.777778,72.222222,0.800000,0.050000,0.000000,True,True,False,True,True,Ready,False,True,Safety checks passed
1785208421.348080,0,TC1,100.000000,72.222222,27.777778,72.222222,0.800000,0.050000,0.000000,True,True,False,True,True,Ready,False,True,Safety checks passed
1785208421.475063,0,TC1,100.000000,72.222222,27.777778,72.222222,0.800000,0.050000,0.000000,True,True,False,True,True,Ready,False,True,Safety checks passed
1785208421.615086,0,TC1,100.000000,72.222222,27.777778,72.222222,0.800000,0.050000,0.000000,True,True,False,True,True,Ready,False,True,Safety checks passed
1785208421.743052,0,TC1,100.000000,72.222222,27.777778,72.222222,0.800000,0.050000,0.000000,True,True,False,True,True,Ready,False,True,Safety checks passed
1785208421.868641,0,TC1,100.000000,72.222222,27.777778,72.222222,0.800000,0.050000,0.000000,True,True,False,True,True,Ready,False,True,Safety checks passed
1785208421.995646,0,TC1,100.000000,72.222222,27.777778,72.222222,0.800000,0.050000,0.000000,True,True,False,True,True,Ready,False,True,Safety checks passed
1785208422.122625,0,TC1,100.000000,72.222222,27.777778,72.222222,0.800000,0.050000,0.000000,True,True,False,True,True,Ready,False,True,Safety checks passed
1785208422.249228,0,TC1,100.000000,72.222222,27.777778,72.222222,0.800000,0.050000,0.000000,True,True,False,True,True,Ready,False,True,Safety checks passed
1785208422.379086,0,TC1,100.000000,72.222222,27.777778,72.222222,0.800000,0.050000,0.000000,True,True,False,True,True,Ready,False,True,Safety checks passed
1785208422.506172,0,TC1,100.000000,72.222222,27.777778,72.222222,0.800000,0.050000,0.000000,True,True,False,True,True,Ready,False,True,Safety checks passed
1785208422.631075,0,TC1,100.000000,72.222222,27.777778,72.222222,0.800000,0.050000,0.000000,True,True,False,True,True,Ready,False,True,Safety checks passed
1785208422.773072,0,TC1,100.000000,72.222222,27.777778,72.222222,0.800000,0.050000,0.000000,True,True,False,True,True,Ready,False,True,Safety checks passed
1785208422.897689,0,TC1,100.000000,72.222222,27.777778,72.222222,0.800000,0.050000,0.000000,True,True,False,True,True,Ready,False,True,Safety checks passed
1785208423.024557,0,TC1,100.000000,72.222222,27.777778,72.222222,0.800000,0.050000,0.000000,True,True,False,True,True,Ready,False,True,Safety checks passed
1785208423.151451,0,TC1,100.000000,72.222222,27.777778,72.222222,0.800000,0.050000,0.000000,True,True,False,True,True,Ready,False,True,Safety checks passed
1785208423.276428,0,TC1,100.000000,72.222222,27.777778,72.222222,0.800000,0.050000,0.000000,True,True,False,True,True,Ready,False,True,Safety checks passed
1785208423.416508,0,TC1,100.000000,72.222222,27.777778,72.222222,0.800000,0.050000,0.000000,True,True,False,True,True,Ready,False,True,Safety checks passed
1785208423.545538,0,TC1,100.000000,72.222222,27.777778,72.222222,0.800000,0.050000,0.000000,True,True,False,True,True,Ready,False,True,Safety checks passed
1785208423.690645,0,TC1,100.000000,72.222222,27.777778,72.222222,0.800000,0.050000,0.000000,True,True,False,True,True,Ready,False,True,Safety checks passed
1785208423.814732,0,TC1,100.000000,72.222222,27.777778,72.222222,0.800000,0.050000,0.000000,True,True,False,True,True,Ready,False,True,Safety checks passed
1785208423.941890,0,TC1,100.000000,72.222222,27.777778,72.222222,0.800000,0.050000,0.000000,True,True,False,True,True,Ready,False,True,Safety checks passed
1785208424.068289,0,TC1,100.000000,72.222222,27.777778,72.222222,0.800000,0.050000,0.000000,True,True,False,True,True,Ready,False,True,Safety checks passed
1785208424.196290,0,TC1,100.000000,72.222222,27.777778,72.222222,0.800000,0.050000,0.000000,True,True,False,True,True,Ready,False,True,Safety checks passed
1785208424.322333,0,TC1,100.000000,72.222222,27.777778,72.222222,0.800000,0.050000,0.000000,True,True,False,True,True,Ready,False,True,Safety checks passed
1785208424.448275,0,TC1,100.000000,72.222222,27.777778,72.222222,0.800000,0.050000,0.000000,True,True,False,True,True,Ready,False,True,Safety checks passed
1785208424.573689,0,TC1,100.000000,72.222222,27.777778,72.222222,0.800000,0.050000,0.000000,True,True,False,True,True,Ready,False,True,Safety checks passed
1785208424.699995,0,TC1,100.000000,72.222222,27.777778,72.222222,0.800000,0.050000,0.000000,True,True,False,True,True,Ready,False,True,Safety checks passed
1785208424.826862,0,TC1,100.000000,72.222222,27.777778,72.222222,0.800000,0.050000,0.000000,True,True,False,True,True,Ready,False,True,Safety checks passed
1785208424.953266,0,TC1,100.000000,72.222222,27.777778,72.222222,0.800000,0.050000,0.000000,True,True,False,True,True,Ready,False,True,Safety checks passed
1785208425.079247,0,TC1,100.000000,72.222222,27.777778,72.222222,0.800000,0.050000,0.000000,True,True,False,True,True,Ready,False,True,Safety checks passed
1785208425.205266,0,TC1,100.000000,72.222222,27.777778,72.222222,0.800000,0.050000,0.000000,True,True,False,True,True,Ready,False,True,Safety checks passed
1785208425.330230,0,TC1,100.000000,72.222222,27.777778,72.222222,0.800000,0.050000,0.000000,True,True,False,True,True,Ready,False,True,Safety checks passed
1785208425.459222,0,TC1,100.000000,72.222222,27.777778,72.222222,0.800000,0.050000,0.000000,True,True,False,True,True,Ready,False,True,Safety checks passed
1785208425.585335,0,TC1,100.000000,72.222222,27.777778,72.222222,0.800000,0.050000,0.000000,True,True,False,True,True,Ready,False,True,Safety checks passed
1785208425.714343,0,TC1,100.000000,72.222222,27.777778,72.222222,0.800000,0.050000,0.000000,True,True,False,True,True,Ready,False,True,Safety checks passed
1785208425.855025,0,TC1,100.000000,72.222222,27.777778,72.222222,0.800000,0.050000,0.000000,True,True,False,True,True,Ready,False,True,Safety checks passed
1785208425.983525,0,TC1,100.000000,72.222222,27.777778,72.222222,0.800000,0.050000,0.000000,True,True,False,True,True,Ready,False,True,Safety checks passed
1785208426.093516,0,TC1,100.000000,72.222222,27.777778,72.222222,0.800000,0.050000,0.000000,True,True,False,True,True,Ready,False,True,Safety checks passed
1785208426.218397,0,TC1,100.000000,72.222222,27.777778,72.222222,0.800000,0.050000,0.000000,True,True,False,True,True,Ready,False,True,Safety checks passed
1785208426.345475,0,TC1,100.000000,72.222222,27.777778,72.222222,0.800000,0.050000,0.000000,True,True,False,True,True,Ready,False,True,Safety checks passed
1785208426.470959,0,TC1,100.000000,72.222222,27.777778,72.222222,0.800000,0.050000,0.000000,True,True,False,True,True,Ready,False,True,Safety checks passed
1785208426.596429,0,TC1,100.000000,72.222222,27.777778,72.222222,0.800000,0.050000,0.000000,True,True,False,True,True,Ready,False,True,Safety checks passed
1785208426.724533,0,TC1,100.000000,72.222222,27.777778,72.222222,0.800000,0.050000,0.000000,True,True,False,True,True,Ready,False,True,Safety checks passed
1785208426.851456,0,TC1,100.000000,72.222222,27.777778,72.222222,0.800000,0.050000,0.000000,True,True,False,True,True,Ready,False,True,Safety checks passed
1785208426.993831,0,TC1,100.000000,72.222222,27.777778,72.222222,0.800000,0.050000,0.000000,True,True,False,True,True,Ready,False,True,Safety checks passed
1785208427.122265,0,TC1,100.000000,72.222222,27.777778,72.222222,0.800000,0.050000,0.000000,True,True,False,True,True,Ready,False,True,Safety checks passed
1785208427.247369,0,TC1,100.000000,72.222222,27.777778,72.222222,0.800000,0.050000,0.000000,True,True,False,True,True,Ready,False,True,Safety checks passed
1785208427.360252,0,TC1,100.000000,72.222222,27.777778,72.222222,0.800000,0.050000,0.000000,True,True,False,True,True,Ready,False,True,Safety checks passed
1785208427.485549,0,TC1,100.000000,72.222222,27.777778,72.222222,0.800000,0.050000,0.000000,True,True,False,True,True,Ready,False,True,Safety checks passed
1785208427.613424,0,TC1,100.000000,72.222222,27.777778,72.222222,0.800000,0.050000,0.000000,True,True,False,True,True,Ready,False,True,Safety checks passed
1785208427.740545,0,TC1,100.000000,72.222222,27.777778,72.222222,0.800000,0.050000,0.000000,True,True,False,True,True,Ready,False,True,Safety checks passed
1785208427.860944,0,TC1,100.000000,72.222222,27.777778,72.222222,0.800000,0.050000,0.000000,True,True,False,True,True,Ready,False,True,Safety checks passed
1785208427.986939,0,TC1,100.000000,72.222222,27.777778,72.222222,0.800000,0.050000,0.000000,True,True,False,True,True,Ready,False,True,Safety checks passed
1785208428.112916,0,TC1,100.000000,72.222222,27.777778,72.222222,0.800000,0.050000,0.000000,True,True,False,True,True,Ready,False,True,Safety checks passed
1785208428.231907,0,TC1,100.000000,72.222222,27.777778,72.222222,0.800000,0.050000,0.000000,True,True,False,True,True,Ready,False,True,Safety checks passed
1785208428.358966,0,TC1,100.000000,72.222222,27.777778,72.222222,0.800000,0.050000,0.000000,True,True,False,True,True,Ready,False,True,Safety checks passed
1785208428.485121,0,TC1,100.000000,72.222222,27.777778,72.222222,0.800000,0.050000,0.000000,True,True,False,True,True,Ready,False,True,Safety checks passed
1785208428.613029,0,TC1,100.000000,72.222222,27.777778,72.222222,0.800000,0.050000,0.000000,True,True,False,True,True,Ready,False,True,Safety checks passed
1785208428.741983,0,TC1,100.000000,72.222222,27.777778,72.222222,0.800000,0.050000,0.000000,True,True,False,True,True,Ready,False,True,Safety checks passed
1785208428.866084,0,TC1,100.000000,72.222222,27.777778,72.222222,0.800000,0.050000,0.000000,True,True,False,True,True,Ready,False,True,Safety checks passed
1785208428.896065,0,TC1,100.000000,72.222222,27.777778,72.222222,0.800000,0.050000,0.000000,True,True,False,True,False,Ready,False,True,Operator stop
1785208705.025457,0,TC1,100.000000,72.222222,27.777778,82.222222,0.800000,0.050000,0.000000,True,True,False,True,True,Ready,False,True,Safety checks passed
1785208705.151446,0,TC1,100.000000,76.182855,23.817145,91.602499,0.800000,0.050000,0.000000,True,True,False,True,True,Ready,False,True,Safety checks passed
1785208705.278439,0,TC1,100.000000,83.420910,16.579090,85.917160,0.800000,0.050000,0.000000,True,True,False,True,True,Ready,False,True,Safety checks passed
1785208705.390373,0,TC1,100.000000,84.280184,15.719816,85.318130,0.800000,0.050000,0.000000,True,True,False,True,True,Ready,False,True,Safety checks passed
1785208705.516330,0,TC1,100.000000,84.808344,15.191656,84.990348,0.800000,0.050000,0.000000,True,True,False,True,True,Ready,False,True,Safety checks passed
1785208705.642806,0,TC1,100.000000,84.871567,15.128433,85.036023,0.800000,0.050000,0.000000,True,True,False,True,True,Ready,False,True,Safety checks passed
1785208705.768788,0,TC1,100.000000,84.927891,15.072109,85.085887,0.800000,0.050000,0.000000,True,True,False,True,True,Ready,False,True,Safety checks passed
1785208705.894655,0,TC1,100.000000,85.009118,14.990882,85.115807,0.800000,0.050000,0.000000,True,True,False,True,True,Ready,False,True,Safety checks passed
1785208706.025763,0,TC1,100.000000,85.059254,14.940746,85.172549,0.800000,0.050000,0.000000,True,True,False,True,True,Ready,False,True,Safety checks passed
1785208706.151761,0,TC1,100.000000,85.103656,14.896344,85.231139,0.800000,0.050000,0.000000,True,True,False,True,True,Ready,False,True,Safety checks passed
1785208706.277737,0,TC1,100.000000,85.163909,14.836091,85.277273,0.800000,0.050000,0.000000,True,True,False,True,True,Ready,False,True,Safety checks passed
1785208706.418701,0,TC1,100.000000,85.221071,14.778929,85.335244,0.800000,0.050000,0.000000,True,True,False,True,True,Ready,False,True,Safety checks passed
1785208706.546700,0,TC1,100.000000,85.260695,14.739305,85.397871,0.800000,0.050000,0.000000,True,True,False,True,True,Ready,False,True,Safety checks passed
1785208706.674687,0,TC1,100.000000,85.325521,14.674479,85.439883,0.800000,0.050000,0.000000,True,True,False,True,True,Ready,False,True,Safety checks passed
1785208706.798116,0,TC1,100.000000,85.370478,14.629522,85.494324,0.800000,0.050000,0.000000,True,True,False,True,True,Ready,False,True,Safety checks passed
1785208706.925547,0,TC1,100.000000,85.428191,14.571809,85.541370,0.800000,0.050000,0.000000,True,True,False,True,True,Ready,False,True,Safety checks passed
1785208707.052543,0,TC1,100.000000,85.472685,14.527315,85.597385,0.800000,0.050000,0.000000,True,True,False,True,True,Ready,False,True,Safety checks passed
1785208707.179675,0,TC1,100.000000,85.531591,14.468409,85.642882,0.800000,0.050000,0.000000,True,True,False,True,True,Ready,False,True,Safety checks passed
1785208707.307534,0,TC1,100.000000,85.583867,14.416133,85.692817,0.800000,0.050000,0.000000,True,True,False,True,True,Ready,False,True,Safety checks passed
1785208707.433925,0,TC1,100.000000,85.626961,14.373039,85.749178,0.800000,0.050000,0.000000,True,True,False,True,True,Ready,False,True,Safety checks passed
1785208707.560916,0,TC1,100.000000,85.669107,14.330893,85.806744,0.800000,0.050000,0.000000,True,True,False,True,True,Ready,False,True,Safety checks passed
1785208707.704285,0,TC1,100.000000,85.726664,14.273336,85.863191,0.800000,0.050000,0.000000,True,True,False,True,True,Ready,False,True,Safety checks passed
1785208707.827260,0,TC1,100.000000,85.796574,14.203426,85.894616,0.800000,0.050000,0.000000,True,True,False,True,True,Ready,False,True,Safety checks passed
1785208707.957266,0,TC1,100.000000,85.841865,14.158135,85.949288,0.800000,0.050000,0.000000,True,True,False,True,True,Ready,False,True,Safety checks passed
1785208708.083265,0,TC1,100.000000,85.884456,14.115544,86.004811,0.800000,0.050000,0.000000,True,True,False,True,True,Ready,False,True,Safety checks passed
1785208708.210266,0,TC1,100.000000,85.940965,14.059035,86.049124,0.800000,0.050000,0.000000,True,True,False,True,True,Ready,False,True,Safety checks passed
1785208708.338231,0,TC1,100.000000,85.978507,14.021493,86.108431,0.800000,0.050000,0.000000,True,True,False,True,True,Ready,False,True,Safety checks passed
1785208708.463221,0,TC1,100.000000,86.044574,13.955426,86.143378,0.800000,0.050000,0.000000,True,True,False,True,True,Ready,False,True,Safety checks passed
1785208708.589752,0,TC1,100.000000,86.078459,13.921541,86.204454,0.800000,0.050000,0.000000,True,True,False,True,True,Ready,False,True,Safety checks passed
1785208708.715746,0,TC1,100.000000,86.142593,13.857407,86.240355,0.800000,0.050000,0.000000,True,True,False,True,True,Ready,False,True,Safety checks passed
1785208708.842902,0,TC1,100.000000,86.175953,13.824047,86.300938,0.800000,0.050000,0.000000,True,True,False,True,True,Ready,False,True,Safety checks passed
1785208708.969465,0,TC1,100.000000,86.239746,13.760254,86.336953,0.800000,0.050000,0.000000,True,True,False,True,True,Ready,False,True,Safety checks passed
1785208709.095532,0,TC1,100.000000,86.273212,13.726788,86.397321,0.800000,0.050000,0.000000,True,True,False,True,True,Ready,False,True,Safety checks passed
1785208709.239421,0,TC1,100.000000,86.331574,13.668426,86.447960,0.800000,0.050000,0.000000,True,True,False,True,True,Ready,False,True,Safety checks passed
1785208709.363163,0,TC1,100.000000,86.390418,13.609582,86.486207,0.800000,0.050000,0.000000,True,True,False,True,True,Ready,False,True,Safety checks passed
1785208709.491142,0,TC1,100.000000,86.423331,13.576669,86.546179,0.800000,0.050000,0.000000,True,True,False,True,True,Ready,False,True,Safety checks passed
1785208709.617248,0,TC1,100.000000,86.486253,13.513747,86.581538,0.800000,0.050000,0.000000,True,True,False,True,True,Ready,False,True,Safety checks passed
1785208709.744138,0,TC1,100.000000,86.518979,13.481021,86.640444,0.800000,0.050000,0.000000,True,True,False,True,True,Ready,False,True,Safety checks passed
1785208709.869125,0,TC1,100.000000,86.580279,13.419721,86.675276,0.800000,0.050000,0.000000,True,True,False,True,True,Ready,False,True,Safety checks passed
1785208710.010113,0,TC1,100.000000,86.624609,13.375391,86.734641,0.800000,0.050000,0.000000,True,True,False,True,True,Ready,False,True,Safety checks passed
1785208710.139248,0,TC1,100.000000,86.662459,13.337541,86.789700,0.800000,0.050000,0.000000,True,True,False,True,True,Ready,False,True,Safety checks passed
1785208710.266293,0,TC1,100.000000,86.727617,13.272383,86.821536,0.800000,0.050000,0.000000,True,True,False,True,True,Ready,False,True,Safety checks passed
1785208710.394177,0,TC1,100.000000,86.759997,13.240003,86.880036,0.800000,0.050000,0.000000,True,True,False,True,True,Ready,False,True,Safety checks passed
1785208710.519166,0,TC1,100.000000,86.821368,13.178632,86.914091,0.800000,0.050000,0.000000,True,True,False,True,True,Ready,False,True,Safety checks passed
1785208710.647264,0,TC1,100.000000,86.853603,13.146397,86.972730,0.800000,0.050000,0.000000,True,True,False,True,True,Ready,False,True,Safety checks passed
1785208710.773690,0,TC1,100.000000,86.909664,13.090336,87.010953,0.800000,0.050000,0.000000,True,True,False,True,True,Ready,False,True,Safety checks passed
1785208710.900379,0,TC1,100.000000,86.949636,13.050364,87.061585,0.800000,0.050000,0.000000,True,True,False,True,True,Ready,False,True,Safety checks passed
1785208711.025368,0,TC1,100.000000,87.001901,12.998099,87.101040,0.800000,0.050000,0.000000,True,True,False,True,True,Ready,False,True,Safety checks passed
1785208711.166233,0,TC1,100.000000,87.051660,12.948340,87.151966,0.800000,0.050000,0.000000,True,True,False,True,True,Ready,False,True,Safety checks passed
1785208711.291155,0,TC1,100.000000,87.086022,12.913978,87.205637,0.800000,0.050000,0.000000,True,True,False,True,True,Ready,False,True,Safety checks passed
1785208711.419163,0,TC1,100.000000,87.147143,12.852857,87.238881,0.800000,0.050000,0.000000,True,True,False,True,True,Ready,False,True,Safety checks passed
1785208711.532272,0,TC1,100.000000,87.178969,12.821031,87.285129,0.800000,0.050000,0.000000,True,True,False,True,True,Ready,False,True,Safety checks passed
1785208711.671247,0,TC1,100.000000,87.228268,12.771732,87.335107,0.800000,0.050000,0.000000,True,True,False,True,True,Ready,False,True,Safety checks passed
1785208711.799127,0,TC1,100.000000,87.270543,12.729457,87.382364,0.800000,0.050000,0.000000,True,True,False,True,True,Ready,False,True,Safety checks passed
1785208711.927124,0,TC1,100.000000,87.323373,12.676627,87.421263,0.800000,0.050000,0.000000,True,True,False,True,True,Ready,False,True,Safety checks passed
1785208712.054684,0,TC1,100.000000,87.357139,12.642861,87.474836,0.800000,0.050000,0.000000,True,True,False,True,True,Ready,False,True,Safety checks passed
1785208712.181687,0,TC1,100.000000,87.417373,12.582627,87.506271,0.800000,0.050000,0.000000,True,True,False,True,True,Ready,False,True,Safety checks passed
1785208712.320971,0,TC1,100.000000,87.462052,12.537948,87.558283,0.800000,0.050000,0.000000,True,True,False,True,True,Ready,False,True,Safety checks passed
1785208712.447966,0,TC1,100.000000,87.495103,12.504897,87.611398,0.800000,0.050000,0.000000,True,True,False,True,True,Ready,False,True,Safety checks passed
1785208712.574428,0,TC1,100.000000,87.549885,12.450115,87.646051,0.800000,0.050000,0.000000,True,True,False,True,True,Ready,False,True,Safety checks passed
1785208712.701709,0,TC1,100.000000,87.587431,12.412569,87.694849,0.800000,0.050000,0.000000,True,True,False,True,True,Ready,False,True,Safety checks passed
1785208712.826736,0,TC1,100.000000,87.637694,12.362306,87.732000,0.800000,0.050000,0.000000,True,True,False,True,True,Ready,False,True,Safety checks passed
1785208712.967756,0,TC1,100.000000,87.685424,12.314576,87.780814,0.800000,0.050000,0.000000,True,True,False,True,True,Ready,False,True,Safety checks passed
1785208713.094726,0,TC1,100.000000,87.718256,12.281744,87.832511,0.800000,0.050000,0.000000,True,True,False,True,True,Ready,False,True,Safety checks passed
1785208713.221713,0,TC1,100.000000,87.771982,12.228018,87.867107,0.800000,0.050000,0.000000,True,True,False,True,True,Ready,False,True,Safety checks passed
1785208713.347824,0,TC1,100.000000,87.809574,12.190426,87.914465,0.800000,0.050000,0.000000,True,True,False,True,True,Ready,False,True,Safety checks passed
1785208713.476698,0,TC1,100.000000,87.859124,12.140876,87.952510,0.800000,0.050000,0.000000,True,True,False,True,True,Ready,False,True,Safety checks passed
1785208713.601693,0,TC1,100.000000,87.895766,12.104234,87.998805,0.800000,0.050000,0.000000,True,True,False,True,True,Ready,False,True,Safety checks passed
1785208713.729206,0,TC1,100.000000,87.944089,12.055911,88.037219,0.800000,0.050000,0.000000,True,True,False,True,True,Ready,False,True,Safety checks passed
1785208713.858150,0,TC1,100.000000,87.987844,12.012156,88.078520,0.800000,0.050000,0.000000,True,True,False,True,True,Ready,False,True,Safety checks passed
1785208713.966252,0,TC1,100.000000,88.023476,11.976524,88.115917,0.800000,0.050000,0.000000,True,True,False,True,True,Ready,False,True,Safety checks passed
1785208714.108201,0,TC1,100.000000,88.066667,11.933333,88.165960,0.800000,0.050000,0.000000,True,True,False,True,True,Ready,False,True,Safety checks passed
1785208714.236135,0,TC1,100.000000,88.105929,11.894071,88.210180,0.800000,0.050000,0.000000,True,True,False,True,True,Ready,False,True,Safety checks passed
1785208714.362093,0,TC1,100.000000,88.154945,11.845055,88.246116,0.800000,0.050000,0.000000,True,True,False,True,True,Ready,False,True,Safety checks passed
1785208714.485375,0,TC1,100.000000,88.190156,11.809844,88.291172,0.800000,0.050000,0.000000,True,True,False,True,True,Ready,False,True,Safety checks passed
1785208714.614306,0,TC1,100.000000,88.237893,11.762107,88.328185,0.800000,0.050000,0.000000,True,True,False,True,True,Ready,False,True,Safety checks passed
1785208714.738870,0,TC1,100.000000,88.268622,11.731378,88.377257,0.800000,0.050000,0.000000,True,True,False,True,True,Ready,False,True,Safety checks passed
1785208714.878569,0,TC1,100.000000,88.323301,11.676699,88.415044,0.800000,0.050000,0.000000,True,True,False,True,True,Ready,False,True,Safety checks passed
1785208715.023569,0,TC1,100.000000,88.366601,11.633399,88.463897,0.800000,0.050000,0.000000,True,True,False,True,True,Ready,False,True,Safety checks passed
1785208715.151553,0,TC1,100.000000,88.405075,11.594925,88.506956,0.800000,0.050000,0.000000,True,True,False,True,True,Ready,False,True,Safety checks passed
1785208715.275674,0,TC1,100.000000,88.452419,11.547581,88.541419,0.800000,0.050000,0.000000,True,True,False,True,True,Ready,False,True,Safety checks passed
1785208715.403550,0,TC1,100.000000,88.487577,11.512423,88.586512,0.800000,0.050000,0.000000,True,True,False,True,True,Ready,False,True,Safety checks passed
1785208715.514519,0,TC1,100.000000,88.534347,11.465653,88.613342,0.800000,0.050000,0.000000,True,True,False,True,True,Ready,False,True,Safety checks passed
1785208715.643528,0,TC1,100.000000,88.561797,11.438203,88.664629,0.800000,0.050000,0.000000,True,True,False,True,True,Ready,False,True,Safety checks passed
1785208715.769510,0,TC1,100.000000,88.614359,11.385641,88.694829,0.800000,0.050000,0.000000,True,True,False,True,True,Ready,False,True,Safety checks passed
1785208715.897616,0,TC1,100.000000,88.642310,11.357690,88.745271,0.800000,0.050000,0.000000,True,True,False,True,True,Ready,False,True,Safety checks passed
1785208716.025063,0,TC1,100.000000,88.691062,11.308938,88.778595,0.800000,0.050000,0.000000,True,True,False,True,True,Ready,False,True,Safety checks passed
1785208716.165939,0,TC1,100.000000,88.735193,11.264807,88.822143,0.800000,0.050000,0.000000,True,True,False,True,True,Ready,False,True,Safety checks passed
1785208716.309946,0,TC1,100.000000,88.775885,11.224115,88.869570,0.800000,0.050000,0.000000,True,True,False,True,True,Ready,False,True,Safety checks passed
1785208716.447122,0,TC1,100.000000,88.812566,11.187434,88.918309,0.800000,0.050000,0.000000,True,True,False,True,True,Ready,False,True,Safety checks passed
1785208716.576017,0,TC1,100.000000,88.861719,11.138281,88.950003,0.800000,0.050000,0.000000,True,True,False,True,True,Ready,False,True,Safety checks passed
1785208716.700897,0,TC1,100.000000,88.896617,11.103383,88.991716,0.800000,0.050000,0.000000,True,True,False,True,True,Ready,False,True,Safety checks passed
1785208716.826556,0,TC1,100.000000,88.940970,11.059030,89.026226,0.800000,0.050000,0.000000,True,True,False,True,True,Ready,False,True,Safety checks passed
1785208716.970551,0,TC1,100.000000,88.981267,11.018733,89.072793,0.800000,0.050000,0.000000,True,True,False,True,True,Ready,False,True,Safety checks passed
1785208717.096567,0,TC1,100.000000,89.017189,10.982811,89.113724,0.800000,0.050000,0.000000,True,True,False,True,True,Ready,False,True,Safety checks passed
1785208717.223536,0,TC1,100.000000,89.062556,10.937444,89.146887,0.800000,0.050000,0.000000,True,True,False,True,True,Ready,False,True,Safety checks passed
1785208717.352812,0,TC1,100.000000,89.095985,10.904015,89.189913,0.800000,0.050000,0.000000,True,True,False,True,True,Ready,False,True,Safety checks passed
1785208717.479820,0,TC1,100.000000,89.140155,10.859845,89.223472,0.800000,0.050000,0.000000,True,True,False,True,True,Ready,False,True,Safety checks passed
1785208717.603704,0,TC1,100.000000,89.168846,10.831154,89.268447,0.800000,0.050000,0.000000,True,True,False,True,True,Ready,False,True,Safety checks passed
1785208717.729807,0,TC1,100.000000,89.219251,10.780749,89.295591,0.800000,0.050000,0.000000,True,True,False,True,True,Ready,False,True,Safety checks passed
1785208717.857786,0,TC1,100.000000,89.255159,10.744841,89.335629,0.800000,0.050000,0.000000,True,True,False,True,True,Ready,False,True,Safety checks passed
1785208717.985046,0,TC1,100.000000,89.287071,10.712929,89.378372,0.800000,0.050000,0.000000,True,True,False,True,True,Ready,False,True,Safety checks passed
1785208718.111036,0,TC1,100.000000,89.329936,10.670064,89.411661,0.800000,0.050000,0.000000,True,True,False,True,True,Ready,False,True,Safety checks passed
1785208718.253018,0,TC1,100.000000,89.358071,10.641929,89.464669,0.800000,0.050000,0.000000,True,True,False,True,True,Ready,False,True,Safety checks passed
1785208718.381068,0,TC1,100.000000,89.412591,10.587409,89.488865,0.800000,0.050000,0.000000,True,True,False,True,True,Ready,False,True,Safety checks passed
1785208718.508616,0,TC1,100.000000,89.448359,10.551641,89.527044,0.800000,0.050000,0.000000,True,True,False,True,True,Ready,False,True,Safety checks passed
1785208718.650686,0,TC1,100.000000,89.479323,10.520677,89.576714,0.800000,0.050000,0.000000,True,True,False,True,True,Ready,False,True,Safety checks passed
1785208718.776549,0,TC1,100.000000,89.524764,10.475236,89.606801,0.800000,0.050000,0.000000,True,True,False,True,True,Ready,False,True,Safety checks passed
1785208718.904060,0,TC1,100.000000,89.553028,10.446972,89.650140,0.800000,0.050000,0.000000,True,True,False,True,True,Ready,False,True,Safety checks passed
1785208719.013040,0,TC1,100.000000,89.602530,10.397470,89.668133,0.800000,0.050000,0.000000,True,True,False,True,True,Ready,False,True,Safety checks passed
1785208719.139098,0,TC1,100.000000,89.624867,10.375133,89.715624,0.800000,0.050000,0.000000,True,True,False,True,True,Ready,False,True,Safety checks passed
1785208719.267067,0,TC1,100.000000,89.671075,10.328925,89.744126,0.800000,0.050000,0.000000,True,True,False,True,True,Ready,False,True,Safety checks passed
1785208719.390955,0,TC1,100.000000,89.695948,10.304052,89.788746,0.800000,0.050000,0.000000,True,True,False,True,True,Ready,False,True,Safety checks passed
1785208719.518199,0,TC1,100.000000,89.743233,10.256767,89.815663,0.800000,0.050000,0.000000,True,True,False,True,True,Ready,False,True,Safety checks passed
1785208719.643109,0,TC1,100.000000,89.768219,10.231781,89.860038,0.800000,0.050000,0.000000,True,True,False,True,True,Ready,False,True,Safety checks passed
1785208719.772785,0,TC1,100.000000,89.814982,10.185018,89.887916,0.800000,0.050000,0.000000,True,True,False,True,True,Ready,False,True,Safety checks passed
1785208719.897820,0,TC1,100.000000,89.839946,10.160054,89.931554,0.800000,0.050000,0.000000,True,True,False,True,True,Ready,False,True,Safety checks passed
1785208720.023719,0,TC1,100.000000,89.882926,10.117074,89.961540,0.800000,0.050000,0.000000,True,True,False,True,True,Ready,False,True,Safety checks passed
1785208720.149854,0,TC1,100.000000,89.913779,10.086221,90.000270,0.800000,0.050000,0.000000,True,True,False,True,True,Ready,False,True,Safety checks passed
1785208720.274707,0,TC1,100.000000,89.953992,10.046008,90.030600,0.800000,0.050000,0.000000,True,True,False,True,True,Ready,False,True,Safety checks passed
1785208720.401755,0,TC1,100.000000,89.984062,10.015938,90.070294,0.800000,0.050000,0.000000,True,True,False,True,True,Ready,False,True,Safety checks passed
1785208720.528733,0,TC1,100.000000,90.024604,9.975396,90.101063,0.800000,0.050000,0.000000,True,True,False,True,True,Ready,False,True,Safety checks passed
1785208720.671723,0,TC1,100.000000,90.060496,9.939504,90.143560,0.800000,0.050000,0.000000,True,True,False,True,True,Ready,False,True,Safety checks passed
1785208720.796717,0,TC1,100.000000,90.093397,9.906603,90.178952,0.800000,0.050000,0.000000,True,True,False,True,True,Ready,False,True,Safety checks passed
1785208720.926012,0,TC1,100.000000,90.133173,9.866827,90.210158,0.800000,0.050000,0.000000,True,True,False,True,True,Ready,False,True,Safety checks passed
1785208721.052991,0,TC1,100.000000,90.163649,9.836351,90.248410,0.800000,0.050000,0.000000,True,True,False,True,True,Ready,False,True,Safety checks passed
1785208721.178880,0,TC1,100.000000,90.203708,9.796292,90.279059,0.800000,0.050000,0.000000,True,True,False,True,True,Ready,False,True,Safety checks passed
1785208721.305984,0,TC1,100.000000,90.239120,9.760880,90.312397,0.800000,0.050000,0.000000,True,True,False,True,True,Ready,False,True,Safety checks passed
1785208721.433972,0,TC1,100.000000,90.268116,9.731884,90.351201,0.800000,0.050000,0.000000,True,True,False,True,True,Ready,False,True,Safety checks passed
1785208721.559844,0,TC1,100.000000,90.307148,9.692852,90.381225,0.800000,0.050000,0.000000,True,True,False,True,True,Ready,False,True,Safety checks passed
1785208721.702835,0,TC1,100.000000,90.332856,9.667144,90.429802,0.800000,0.050000,0.000000,True,True,False,True,True,Ready,False,True,Safety checks passed
1785208721.844757,0,TC1,100.000000,90.382421,9.617579,90.458780,0.800000,0.050000,0.000000,True,True,False,True,True,Ready,False,True,Safety checks passed
1785208721.970538,0,TC1,100.000000,90.417858,9.582142,90.490713,0.800000,0.050000,0.000000,True,True,False,True,True,Ready,False,True,Safety checks passed
1785208722.096658,0,TC1,100.000000,90.446724,9.553276,90.527902,0.800000,0.050000,0.000000,True,True,False,True,True,Ready,False,True,Safety checks passed
1785208722.226645,0,TC1,100.000000,90.484704,9.515296,90.558202,0.800000,0.050000,0.000000,True,True,False,True,True,Ready,False,True,Safety checks passed
1785208722.350836,0,TC1,100.000000,90.513553,9.486447,90.594766,0.800000,0.050000,0.000000,True,True,False,True,True,Ready,False,True,Safety checks passed
1785208722.476078,0,TC1,100.000000,90.551369,9.448631,90.623688,0.800000,0.050000,0.000000,True,True,False,True,True,Ready,False,True,Safety checks passed
1785208722.618158,0,TC1,100.000000,90.588172,9.411828,90.661173,0.800000,0.050000,0.000000,True,True,False,True,True,Ready,False,True,Safety checks passed
1785208722.744194,0,TC1,100.000000,90.613267,9.386733,90.700559,0.800000,0.050000,0.000000,True,True,False,True,True,Ready,False,True,Safety checks passed
1785208722.871285,0,TC1,100.000000,90.654330,9.345670,90.727133,0.800000,0.050000,0.000000,True,True,False,True,True,Ready,False,True,Safety checks passed
1785208722.998282,0,TC1,100.000000,90.683143,9.316857,90.763224,0.800000,0.050000,0.000000,True,True,False,True,True,Ready,False,True,Safety checks passed
1785208723.126256,0,TC1,100.000000,90.720748,9.279252,90.792093,0.800000,0.050000,0.000000,True,True,False,True,True,Ready,False,True,Safety checks passed
1785208723.265707,0,TC1,100.000000,90.756799,9.243201,90.828126,0.800000,0.050000,0.000000,True,True,False,True,True,Ready,False,True,Safety checks passed
1785208723.393815,0,TC1,100.000000,90.781386,9.218614,90.867286,0.800000,0.050000,0.000000,True,True,False,True,True,Ready,False,True,Safety checks passed
1785208723.522708,0,TC1,100.000000,90.821987,9.178013,90.893602,0.800000,0.050000,0.000000,True,True,False,True,True,Ready,False,True,Safety checks passed
1785208723.647513,0,TC1,100.000000,90.849989,9.150011,90.928514,0.800000,0.050000,0.000000,True,True,False,True,True,Ready,False,True,Safety checks passed
1785208723.788285,0,TC1,100.000000,90.886697,9.113303,90.963243,0.800000,0.050000,0.000000,True,True,False,True,True,Ready,False,True,Safety checks passed
1785208723.928629,0,TC1,100.000000,90.925471,9.074529,90.996382,0.800000,0.050000,0.000000,True,True,False,True,True,Ready,False,True,Safety checks passed
1785208724.055674,0,TC1,100.000000,90.958626,9.041374,91.027264,0.800000,0.050000,0.000000,True,True,False,True,True,Ready,False,True,Safety checks passed
1785208724.181509,0,TC1,100.000000,90.985312,9.014688,91.062402,0.800000,0.050000,0.000000,True,True,False,True,True,Ready,False,True,Safety checks passed
1785208724.308501,0,TC1,100.000000,91.021521,8.978479,91.090439,0.800000,0.050000,0.000000,True,True,False,True,True,Ready,False,True,Safety checks passed
1785208724.433637,0,TC1,100.000000,91.048626,8.951374,91.124986,0.800000,0.050000,0.000000,True,True,False,True,True,Ready,False,True,Safety checks passed
1785208724.576717,0,TC1,100.000000,91.084338,8.915662,91.159834,0.800000,0.050000,0.000000,True,True,False,True,True,Ready,False,True,Safety checks passed
1785208724.718630,0,TC1,100.000000,91.122607,8.877393,91.192043,0.800000,0.050000,0.000000,True,True,False,True,True,Ready,False,True,Safety checks passed
1785208724.843505,0,TC1,100.000000,91.146464,8.853536,91.228761,0.800000,0.050000,0.000000,True,True,False,True,True,Ready,False,True,Safety checks passed
1785208724.970243,0,TC1,100.000000,91.188292,8.811708,91.250818,0.800000,0.050000,0.000000,True,True,False,True,True,Ready,False,True,Safety checks passed
1785208725.095547,0,TC1,100.000000,91.209778,8.790222,91.289029,0.800000,0.050000,0.000000,True,True,False,True,True,Ready,False,True,Safety checks passed
1785208725.223997,0,TC1,100.000000,91.246966,8.753034,91.315104,0.800000,0.050000,0.000000,True,True,False,True,True,Ready,False,True,Safety checks passed
1785208725.349005,0,TC1,100.000000,91.273697,8.726303,91.348627,0.800000,0.050000,0.000000,True,True,False,True,True,Ready,False,True,Safety checks passed
1785208725.477186,0,TC1,100.000000,91.309161,8.690839,91.375975,0.800000,0.050000,0.000000,True,True,False,True,True,Ready,False,True,Safety checks passed
1785208725.603571,0,TC1,100.000000,91.332195,8.667805,91.412380,0.800000,0.050000,0.000000,True,True,False,True,True,Ready,False,True,Safety checks passed
1785208725.743869,0,TC1,100.000000,91.372671,8.627329,91.440113,0.800000,0.050000,0.000000,True,True,False,True,True,Ready,False,True,Safety checks passed
1785208725.884092,0,TC1,100.000000,91.406467,8.593533,91.473566,0.800000,0.050000,0.000000,True,True,False,True,True,Ready,False,True,Safety checks passed
1785208726.011183,0,TC1,100.000000,91.437951,8.562049,91.502575,0.800000,0.050000,0.000000,True,True,False,True,True,Ready,False,True,Safety checks passed
1785208726.152000,0,TC1,100.000000,91.460138,8.539862,91.545024,0.800000,0.050000,0.000000,True,True,False,True,True,Ready,False,True,Safety checks passed
1785208726.261996,0,TC1,100.000000,91.503188,8.496812,91.557625,0.800000,0.050000,0.000000,True,True,False,True,True,Ready,False,True,Safety checks passed
1785208726.388715,0,TC1,100.000000,91.521653,8.478347,91.596294,0.800000,0.050000,0.000000,True,True,False,True,True,Ready,False,True,Safety checks passed
1785208726.514707,0,TC1,100.000000,91.559665,8.440335,91.618924,0.800000,0.050000,0.000000,True,True,False,True,True,Ready,False,True,Safety checks passed
1785208726.642701,0,TC1,100.000000,91.580239,8.419761,91.656423,0.800000,0.050000,0.000000,True,True,False,True,True,Ready,False,True,Safety checks passed
1785208726.782693,0,TC1,100.000000,91.619014,8.380986,91.684402,0.800000,0.050000,0.000000,True,True,False,True,True,Ready,False,True,Safety checks passed
1785208726.924153,0,TC1,100.000000,91.649290,8.350710,91.719214,0.800000,0.050000,0.000000,True,True,False,True,True,Ready,False,True,Safety checks passed
1785208727.053146,0,TC1,100.000000,91.676964,8.323036,91.750435,0.800000,0.050000,0.000000,True,True,False,True,True,Ready,False,True,Safety checks passed
1785208727.182143,0,TC1,100.000000,91.711712,8.288288,91.776145,0.800000,0.050000,0.000000,True,True,False,True,True,Ready,False,True,Safety checks passed
1785208727.308158,0,TC1,100.000000,91.742130,8.257870,91.803783,0.800000,0.050000,0.000000,True,True,False,True,True,Ready,False,True,Safety checks passed
1785208727.433067,0,TC1,100.000000,91.766301,8.233699,91.836214,0.800000,0.050000,0.000000,True,True,False,True,True,Ready,False,True,Safety checks passed
1785208727.544422,0,TC1,100.000000,91.790561,8.209439,91.862532,0.800000,0.050000,0.000000,True,True,False,True,True,Ready,False,True,Safety checks passed
1785208727.673416,0,TC1,100.000000,91.824451,8.175549,91.887658,0.800000,0.050000,0.000000,True,True,False,True,True,Ready,False,True,Safety checks passed
1785208727.797390,0,TC1,100.000000,91.848903,8.151097,91.918756,0.800000,0.050000,0.000000,True,True,False,True,True,Ready,False,True,Safety checks passed
1785208727.923383,0,TC1,100.000000,91.881691,8.118309,91.944075,0.800000,0.050000,0.000000,True,True,False,True,True,Ready,False,True,Safety checks passed
1785208728.049495,0,TC1,100.000000,91.906209,8.093791,91.975432,0.800000,0.050000,0.000000,True,True,False,True,True,Ready,False,True,Safety checks passed
1785208728.191115,0,TC1,100.000000,91.938492,8.061508,92.006452,0.800000,0.050000,0.000000,True,True,False,True,True,Ready,False,True,Safety checks passed
1785208728.319838,0,TC1,100.000000,91.973223,8.026777,92.029967,0.800000,0.050000,0.000000,True,True,False,True,True,Ready,False,True,Safety checks passed
1785208728.460727,0,TC1,100.000000,91.999731,8.000269,92.065355,0.800000,0.050000,0.000000,True,True,False,True,True,Ready,False,True,Safety checks passed
1785208728.582190,0,TC1,100.000000,92.025403,7.974597,92.093680,0.800000,0.050000,0.000000,True,True,False,True,True,Ready,False,True,Safety checks passed
1785208728.702205,0,TC1,100.000000,92.048928,7.951072,92.122197,0.800000,0.050000,0.000000,True,True,False,True,True,Ready,False,True,Safety checks passed
1785208728.838308,0,TC1,100.000000,92.083333,7.916667,92.148877,0.800000,0.050000,0.000000,True,True,False,True,True,Ready,False,True,Safety checks passed
1785208728.966285,0,TC1,100.000000,92.116550,7.883450,92.172518,0.800000,0.050000,0.000000,True,True,False,True,True,Ready,False,True,Safety checks passed
1785208729.075279,0,TC1,100.000000,92.135773,7.864227,92.200071,0.800000,0.050000,0.000000,True,True,False,True,True,Ready,False,True,Safety checks passed
1785208729.218273,0,TC1,100.000000,92.168508,7.831492,92.229721,0.800000,0.050000,0.000000,True,True,False,True,True,Ready,False,True,Safety checks passed
1785208729.345721,0,TC1,100.000000,92.189672,7.810328,92.262713,0.800000,0.050000,0.000000,True,True,False,True,True,Ready,False,True,Safety checks passed
1785208729.471728,0,TC1,100.000000,92.223800,7.776200,92.284276,0.800000,0.050000,0.000000,True,True,False,True,True,Ready,False,True,Safety checks passed
1785208729.597520,0,TC1,100.000000,92.247489,7.752511,92.314076,0.800000,0.050000,0.000000,True,True,False,True,True,Ready,False,True,Safety checks passed
1785208729.719232,0,TC1,100.000000,92.278551,7.721449,92.336331,0.800000,0.050000,0.000000,True,True,False,True,True,Ready,False,True,Safety checks passed
1785208729.857408,0,TC1,100.000000,92.301081,7.698919,92.371236,0.800000,0.050000,0.000000,True,True,False,True,True,Ready,False,True,Safety checks passed
1785210029.267135,0,TC1,0.000000,0.000000,0.000000,0.000000,0.800000,0.050000,0.000000,True,True,False,True,True,Disabled,False,True,Safety checks passed
1785210029.385630,0,TC1,0.000000,0.000000,0.000000,0.000000,0.800000,0.050000,0.000000,True,True,False,True,True,Ready,False,True,Safety checks passed
1785210029.513125,0,TC1,0.000000,0.000000,0.000000,0.000000,0.800000,0.050000,0.000000,True,True,False,True,True,Ready,False,True,Safety checks passed
1785210029.661125,0,TC1,0.000000,0.000000,0.000000,0.000000,0.800000,0.050000,0.000000,True,True,False,True,True,Ready,False,True,Safety checks passed
1785210029.771618,0,TC1,0.000000,0.000000,0.000000,0.000000,0.800000,0.050000,0.000000,True,True,False,True,True,Ready,False,True,Safety checks passed
1785210029.914111,0,TC1,0.000000,0.000000,0.000000,0.000000,0.800000,0.050000,0.000000,True,True,False,True,True,Ready,False,True,Safety checks passed
1785210030.039110,0,TC1,0.000000,0.000000,0.000000,0.000000,0.800000,0.050000,0.000000,True,True,False,True,True,Ready,False,True,Safety checks passed
1785210030.165617,0,TC1,0.000000,0.000000,0.000000,0.000000,0.800000,0.050000,0.000000,True,True,False,True,True,Ready,False,True,Safety checks passed
1785210030.291005,0,TC1,0.000000,0.000000,0.000000,0.000000,0.800000,0.050000,0.000000,True,True,False,True,True,Ready,False,True,Safety checks passed
1785210030.418493,0,TC1,0.000000,0.000000,0.000000,0.000000,0.800000,0.050000,0.000000,True,True,False,True,True,Ready,False,True,Safety checks passed
1785210030.544496,0,TC1,0.000000,0.000000,0.000000,0.000000,0.800000,0.050000,0.000000,True,True,False,True,True,Ready,False,True,Safety checks passed
1785210030.671989,0,TC1,0.000000,0.000000,0.000000,0.000000,0.800000,0.050000,0.000000,True,True,False,True,True,Ready,False,True,Safety checks passed
1785210030.798480,0,TC1,0.000000,0.000000,0.000000,0.000000,0.800000,0.050000,0.000000,True,True,False,True,True,Ready,False,True,Safety checks passed
1785210030.939477,0,TC1,0.000000,0.000000,0.000000,0.000000,0.800000,0.050000,0.000000,True,True,False,True,True,Ready,False,True,Safety checks passed
1785210031.065971,0,TC1,0.000000,0.000000,0.000000,0.000000,0.800000,0.050000,0.000000,True,True,False,True,True,Ready,False,True,Safety checks passed
1785210031.192463,0,TC1,0.000000,0.000000,0.000000,0.000000,0.800000,0.050000,0.000000,True,True,False,True,True,Ready,False,True,Safety checks passed
1785210031.318865,0,TC1,0.000000,0.000000,0.000000,0.000000,0.800000,0.050000,0.000000,True,True,False,True,True,Ready,False,True,Safety checks passed
1785210031.445472,0,TC1,0.000000,0.000000,0.000000,0.000000,0.800000,0.050000,0.000000,True,True,False,True,True,Ready,False,True,Safety checks passed
1785210031.570967,0,TC1,0.000000,0.000000,0.000000,0.000000,0.800000,0.050000,0.000000,True,True,False,True,True,Ready,False,True,Safety checks passed
1785210031.697457,0,TC1,0.000000,0.000000,0.000000,0.000000,0.800000,0.050000,0.000000,True,True,False,True,True,Ready,False,True,Safety checks passed
1785210031.821803,0,TC1,0.000000,0.000000,0.000000,0.000000,0.800000,0.050000,0.000000,True,True,False,True,True,Ready,False,True,Safety checks passed
1785210031.950366,0,TC1,0.000000,0.000000,0.000000,0.000000,0.800000,0.050000,0.000000,True,True,False,True,True,Ready,False,True,Safety checks passed
1785210032.073860,0,TC1,0.000000,0.000000,0.000000,0.000000,0.800000,0.050000,0.000000,True,True,False,True,True,Ready,False,True,Safety checks passed
1785210032.200355,0,TC1,0.000000,0.000000,0.000000,0.000000,0.800000,0.050000,0.000000,True,True,False,True,True,Ready,False,True,Safety checks passed
1785210032.326735,0,TC1,0.000000,0.000000,0.000000,0.000000,0.800000,0.050000,0.000000,True,True,False,True,True,Ready,False,True,Safety checks passed
1785210032.453733,0,TC1,0.100000,0.000000,0.100000,0.080635,0.800000,0.050000,0.000000,True,True,False,True,True,Ready,False,True,Safety checks passed
1785210032.580229,0,TC1,0.100000,0.037677,0.062323,0.050887,0.800000,0.050000,0.000000,True,True,False,True,True,Ready,False,True,Safety checks passed
1785210032.705718,0,TC1,0.200000,0.042840,0.157160,0.127744,0.800000,0.050000,0.000000,True,True,False,True,True,Ready,False,True,Safety checks passed
1785210032.832217,0,TC1,0.200000,0.082628,0.117372,0.096655,0.800000,0.050000,0.000000,True,True,False,True,True,Ready,False,True,Safety checks passed
1785210032.956734,0,TC1,0.300000,0.087407,0.212593,0.174157,0.800000,0.050000,0.000000,True,True,False,True,True,Ready,False,True,Safety checks passed
1785210033.068230,0,TC1,0.400000,0.131584,0.268416,0.220310,0.800000,0.050000,0.000000,True,True,False,True,True,Ready,False,True,Safety checks passed
1785210033.196724,0,TC1,0.400000,0.162243,0.237757,0.197301,0.800000,0.050000,0.000000,True,True,False,True,True,Ready,False,True,Safety checks passed
1785210033.323215,0,TC1,0.500000,0.180139,0.319861,0.265006,0.800000,0.050000,0.000000,True,True,False,True,True,Ready,False,True,Safety checks passed
1785210033.449725,0,TC1,0.600000,0.209603,0.390397,0.323924,0.800000,0.050000,0.000000,True,True,False,True,True,Ready,False,True,Safety checks passed
1785210033.577217,0,TC1,0.600000,0.263334,0.336666,0.283085,0.800000,0.050000,0.000000,True,True,False,True,True,Ready,False,True,Safety checks passed
1785210033.703711,0,TC1,0.700000,0.271115,0.428885,0.359573,0.800000,0.050000,0.000000,True,True,False,True,True,Ready,False,True,Safety checks passed
1785210033.829205,0,TC1,0.800000,0.312335,0.487665,0.409657,0.800000,0.050000,0.000000,True,True,False,True,True,Ready,False,True,Safety checks passed
1785210033.955005,0,TC1,0.800000,0.350636,0.449364,0.381844,0.800000,0.050000,0.000000,True,True,False,True,True,Ready,False,True,Safety checks passed
1785210034.074500,0,TC1,0.900000,0.365219,0.534781,0.453352,0.800000,0.050000,0.000000,True,True,False,True,True,Ready,False,True,Safety checks passed
1785210034.207988,0,TC1,1.000000,0.395673,0.604327,0.513045,0.800000,0.050000,0.000000,True,True,False,True,True,Ready,False,True,Safety checks passed
1785210034.319469,0,TC1,1.000000,0.455590,0.544410,0.468148,0.800000,0.050000,0.000000,True,True,False,True,True,Ready,False,True,Safety checks passed
1785210034.463472,0,TC1,1.100000,0.461523,0.638477,0.547998,0.800000,0.050000,0.000000,True,True,False,True,True,Ready,False,True,Safety checks passed
1785210034.590966,0,TC1,1.100000,0.491405,0.608595,0.527974,0.800000,0.050000,0.000000,True,True,False,True,True,Ready,False,True,Safety checks passed
1785210034.718455,0,TC1,1.200000,0.510169,0.689831,0.597359,0.800000,0.050000,0.000000,True,True,False,True,True,Ready,False,True,Safety checks passed
1785210034.843463,0,TC1,1.200000,0.539736,0.660264,0.577834,0.800000,0.050000,0.000000,True,True,False,True,True,Ready,False,True,Safety checks passed
1785210034.968958,0,TC1,1.300000,0.554874,0.745126,0.650401,0.800000,0.050000,0.000000,True,True,False,True,True,Ready,False,True,Safety checks passed
1785210035.095453,0,TC1,1.300000,0.599009,0.700991,0.619524,0.800000,0.050000,0.000000,True,True,False,True,True,Ready,False,True,Safety checks passed
1785210035.222946,0,TC1,1.300000,0.609536,0.690464,0.615506,0.800000,0.050000,0.000000,True,True,False,True,True,Ready,False,True,Safety checks passed
1785210035.333343,0,TC1,1.300000,0.611597,0.688403,0.617658,0.800000,0.050000,0.000000,True,True,False,True,True,Ready,False,True,Safety checks passed
1785210035.459345,0,TC1,1.400000,0.614413,0.785587,0.700354,0.800000,0.050000,0.000000,True,True,False,True,True,Ready,False,True,Safety checks passed
1785210035.586834,0,TC1,1.400000,0.648579,0.751421,0.677812,0.800000,0.050000,0.000000,True,True,False,True,True,Ready,False,True,Safety checks passed
1785210035.728971,0,TC1,1.400000,0.662245,0.737755,0.672129,0.800000,0.050000,0.000000,True,True,False,True,True,Ready,False,True,Safety checks passed
1785210035.854788,0,TC1,1.400000,0.666136,0.733864,0.673626,0.800000,0.050000,0.000000,True,True,False,True,True,Ready,False,True,Safety checks passed
1785210035.982281,0,TC1,1.400000,0.669656,0.730344,0.675467,0.800000,0.050000,0.000000,True,True,False,True,True,Ready,False,True,Safety checks passed
1785210036.108772,0,TC1,1.400000,0.671663,0.728337,0.678470,0.800000,0.050000,0.000000,True,True,False,True,True,Ready,False,True,Safety checks passed
1785210036.234267,0,TC1,1.400000,0.675104,0.724896,0.680265,0.800000,0.050000,0.000000,True,True,False,True,True,Ready,False,True,Safety checks passed
1785210036.360266,0,TC1,1.400000,0.677515,0.722485,0.682887,0.800000,0.050000,0.000000,True,True,False,True,True,Ready,False,True,Safety checks passed
1785210036.484756,0,TC1,1.400000,0.679633,0.720367,0.685669,0.800000,0.050000,0.000000,True,True,False,True,True,Ready,False,True,Safety checks passed
1785210036.614247,0,TC1,1.400000,0.682477,0.717523,0.688051,0.800000,0.050000,0.000000,True,True,False,True,True,Ready,False,True,Safety checks passed
1785210036.739253,0,TC1,1.400000,0.684656,0.715344,0.690780,0.800000,0.050000,0.000000,True,True,False,True,True,Ready,False,True,Safety checks passed
1785210036.850744,0,TC1,1.400000,0.686753,0.713247,0.693054,0.800000,0.050000,0.000000,True,True,False,True,True,Ready,False,True,Safety checks passed
1785210036.976234,0,TC1,1.400000,0.689713,0.710287,0.695173,0.800000,0.050000,0.000000,True,True,False,True,True,Ready,False,True,Safety checks passed
1785210037.102724,0,TC1,1.400000,0.691848,0.708152,0.697936,0.800000,0.050000,0.000000,True,True,False,True,True,Ready,False,True,Safety checks passed
1785210037.226219,0,TC1,1.400000,0.694700,0.705300,0.700015,0.800000,0.050000,0.000000,True,True,False,True,True,Ready,False,True,Safety checks passed
1785210037.354216,0,TC1,1.400000,0.696795,0.703205,0.702823,0.800000,0.050000,0.000000,True,True,False,True,True,Ready,False,True,Safety checks passed
1785210037.476707,0,TC1,1.400000,0.699612,0.700388,0.704868,0.800000,0.050000,0.000000,True,True,False,True,True,Ready,False,True,Safety checks passed
1785210037.608198,0,TC1,1.400000,0.701411,0.698589,0.708026,0.800000,0.050000,0.000000,True,True,False,True,True,Ready,False,True,Safety checks passed
1785210037.726692,0,TC1,1.400000,0.704739,0.695261,0.709471,0.800000,0.050000,0.000000,True,True,False,True,True,Ready,False,True,Safety checks passed
1785210037.854691,0,TC1,1.400000,0.706374,0.693626,0.712603,0.800000,0.050000,0.000000,True,True,False,True,True,Ready,False,True,Safety checks passed
1785210037.985183,0,TC1,1.400000,0.709547,0.690453,0.714582,0.800000,0.050000,0.000000,True,True,False,True,True,Ready,False,True,Safety checks passed
1785210038.112673,0,TC1,1.400000,0.711920,0.688080,0.717071,0.800000,0.050000,0.000000,True,True,False,True,True,Ready,False,True,Safety checks passed
1785210038.239673,0,TC1,1.400000,0.713952,0.686048,0.719773,0.800000,0.050000,0.000000,True,True,False,True,True,Ready,False,True,Safety checks passed
1785210038.350167,0,TC1,1.400000,0.715963,0.684037,0.721977,0.800000,0.050000,0.000000,True,True,False,True,True,Ready,False,True,Safety checks passed
1785210038.477658,0,TC1,1.400000,0.718789,0.681211,0.724056,0.800000,0.050000,0.000000,True,True,False,True,True,Ready,False,True,Safety checks passed
1785210038.602149,0,TC1,1.400000,0.720832,0.679168,0.726648,0.800000,0.050000,0.000000,True,True,False,True,True,Ready,False,True,Safety checks passed
1785210038.729642,0,TC1,1.400000,0.723572,0.676428,0.728772,0.800000,0.050000,0.000000,True,True,False,True,True,Ready,False,True,Safety checks passed
1785210038.854640,0,TC1,1.400000,0.725605,0.674395,0.731358,0.800000,0.050000,0.000000,True,True,False,True,True,Ready,False,True,Safety checks passed
1785210038.980131,0,TC1,1.400000,0.728279,0.671721,0.733437,0.800000,0.050000,0.000000,True,True,False,True,True,Ready,False,True,Safety checks passed
1785210039.102622,0,TC1,1.400000,0.730297,0.669703,0.735909,0.800000,0.050000,0.000000,True,True,False,True,True,Ready,False,True,Safety checks passed
1785210039.224117,0,TC1,1.400000,0.732941,0.667059,0.737863,0.800000,0.050000,0.000000,True,True,False,True,True,Ready,False,True,Safety checks passed
1785210039.352114,0,TC1,1.400000,0.734642,0.665358,0.740761,0.800000,0.050000,0.000000,True,True,False,True,True,Ready,False,True,Safety checks passed
1785210039.482604,0,TC1,1.400000,0.737727,0.662273,0.742605,0.800000,0.050000,0.000000,True,True,False,True,True,Ready,False,True,Safety checks passed
1785210039.612096,0,TC1,1.400000,0.740025,0.659975,0.745046,0.800000,0.050000,0.000000,True,True,False,True,True,Ready,False,True,Safety checks passed
1785210039.737102,0,TC1,1.400000,0.741988,0.658012,0.747590,0.800000,0.050000,0.000000,True,True,False,True,True,Ready,False,True,Safety checks passed
1785210039.848594,0,TC1,1.400000,0.743925,0.656075,0.749697,0.800000,0.050000,0.000000,True,True,False,True,True,Ready,False,True,Safety checks passed
1785210039.988087,0,TC1,1.400000,0.746636,0.653364,0.752088,0.800000,0.050000,0.000000,True,True,False,True,True,Ready,False,True,Safety checks passed
1785210040.102579,0,TC1,1.400000,0.748785,0.651215,0.754081,0.800000,0.050000,0.000000,True,True,False,True,True,Ready,False,True,Safety checks passed
1785210040.230073,0,TC1,1.400000,0.751280,0.648720,0.756236,0.800000,0.050000,0.000000,True,True,False,True,True,Ready,False,True,Safety checks passed
1785210040.352070,0,TC1,1.400000,0.753218,0.646782,0.758631,0.800000,0.050000,0.000000,True,True,False,True,True,Ready,False,True,Safety checks passed
1785210040.482560,0,TC1,1.400000,0.755776,0.644224,0.760789,0.800000,0.050000,0.000000,True,True,False,True,True,Ready,False,True,Safety checks passed
1785210040.607052,0,TC1,1.400000,0.757476,0.642524,0.763427,0.800000,0.050000,0.000000,True,True,True,True,True,Ready,False,True,Dry run: command logged only
1785210040.730546,0,TC1,1.400000,0.759080,0.640920,0.766084,0.800000,0.050000,0.000000,True,True,True,True,True,Ready,False,True,Dry run: command logged only
1785210040.862541,0,TC1,1.400000,0.759726,0.640274,0.769800,0.800000,0.050000,0.000000,True,True,True,True,True,Ready,False,True,Dry run: command logged only
1785210040.974037,0,TC1,1.400000,0.760226,0.639774,0.772980,0.800000,0.050000,0.000000,True,True,True,True,True,Ready,False,True,Dry run: command logged only
1785210041.100527,0,TC1,1.400000,0.760450,0.639550,0.776847,0.800000,0.050000,0.000000,True,True,True,True,True,Ready,False,True,Dry run: command logged only
1785210041.227021,0,TC1,1.400000,0.760608,0.639392,0.780765,0.800000,0.050000,0.000000,True,True,True,True,True,Ready,False,True,Dry run: command logged only
1785210041.354018,0,TC1,1.400000,0.760680,0.639320,0.784766,0.800000,0.050000,0.000000,True,True,True,True,True,Ready,False,True,Dry run: command logged only
1785210041.480508,0,TC1,1.400000,0.760731,0.639269,0.788773,0.800000,0.050000,0.000000,True,True,True,True,True,Ready,False,True,Dry run: command logged only
1785210041.608001,0,TC1,1.400000,0.760751,0.639249,0.792829,0.800000,0.050000,0.000000,True,True,True,True,True,Ready,False,True,Dry run: command logged only
1785210041.728495,0,TC1,1.400000,0.760771,0.639229,0.796642,0.800000,0.050000,0.000000,True,True,True,True,True,Ready,False,True,Dry run: command logged only
1785210041.850493,0,TC1,1.400000,0.760777,0.639223,0.800546,0.800000,0.050000,0.000000,True,True,True,True,True,Ready,False,True,Dry run: command logged only
1785210041.985983,0,TC1,1.400000,0.760783,0.639217,0.804885,0.800000,0.050000,0.000000,True,True,True,True,True,Ready,False,True,Dry run: command logged only
1785210042.113473,0,TC1,1.400000,0.760786,0.639214,0.808957,0.800000,0.050000,0.000000,True,True,False,True,True,Ready,False,True,Safety checks passed
1785210042.238475,0,TC1,1.400000,0.779618,0.620382,0.797771,0.800000,0.050000,0.000000,True,True,False,True,True,Ready,False,True,Safety checks passed
1785210042.349969,0,TC1,1.400000,0.785892,0.614108,0.796172,0.800000,0.050000,0.000000,True,True,False,True,True,Ready,False,True,Safety checks passed
1785210042.493458,0,TC1,1.400000,0.790722,0.609278,0.796683,0.800000,0.050000,0.000000,True,True,False,True,True,Ready,False,True,Safety checks passed
1785210053.657925,0,TC1,1.400000,0.796683,0.603317,1.283650,0.800000,0.050000,0.000000,True,True,False,True,True,Ready,False,True,Safety checks passed
1785210053.784418,0,TC1,1.400000,0.988693,0.411307,1.132647,0.800000,0.050000,0.000000,True,True,False,True,True,Ready,False,True,Safety checks passed
1785210053.925967,0,TC1,1.400000,1.056153,0.343847,1.081099,0.800000,0.050000,0.000000,True,True,False,True,True,Ready,False,True,Safety checks passed
1785210054.052673,0,TC1,1.400000,1.065963,0.334037,1.075371,0.800000,0.050000,0.000000,True,True,False,True,True,Ready,False,True,Safety checks passed
1785210054.180165,0,TC1,1.400000,1.070385,0.329615,1.073942,0.800000,0.050000,0.000000,True,True,False,True,True,Ready,False,True,Safety checks passed
1785210054.302661,0,TC1,1.400000,1.071602,0.328398,1.074975,0.800000,0.050000,0.000000,True,True,False,True,True,Ready,False,True,Safety checks passed
1785210054.430158,0,TC1,1.400000,1.073325,0.326675,1.075686,0.800000,0.050000,0.000000,True,True,False,True,True,Ready,False,True,Safety checks passed
1785210054.551024,0,TC1,1.400000,1.074139,0.325861,1.076993,0.800000,0.050000,0.000000,True,True,False,True,True,Ready,False,True,Safety checks passed
1785210054.680502,0,TC1,1.400000,1.075578,0.324422,1.077947,0.800000,0.050000,0.000000,True,True,False,True,True,Ready,False,True,Safety checks passed
1785210054.818993,0,TC1,1.400000,1.076688,0.323312,1.079292,0.800000,0.050000,0.000000,True,True,False,True,True,Ready,False,True,Safety checks passed
1785210054.946004,0,TC1,1.400000,1.077715,0.322285,1.080532,0.800000,0.050000,0.000000,True,True,False,True,True,Ready,False,True,Safety checks passed
1785210055.077495,0,TC1,1.400000,1.079024,0.320976,1.081594,0.800000,0.050000,0.000000,True,True,False,True,True,Ready,False,True,Safety checks passed
1785210055.196989,0,TC1,1.400000,1.079904,0.320096,1.082790,0.800000,0.050000,0.000000,True,True,False,True,True,Ready,False,True,Safety checks passed
1785210055.331485,0,TC1,1.400000,1.081377,0.318623,1.083766,0.800000,0.050000,0.000000,True,True,False,True,True,Ready,False,True,Safety checks passed
1785210055.337993,0,TC1,1.400000,1.081377,0.318623,1.083766,0.800000,0.050000,0.000000,True,True,False,False,False,Ready,False,True,Disarmed
1785210154.843712,0,TC1,500.000000,1.083766,498.916234,11.083766,0.800000,0.050000,0.000000,True,True,False,True,True,Ready,False,True,Safety checks passed
1785210154.970962,0,TC1,500.000000,5.049060,494.950940,21.083766,0.800000,0.050000,0.000000,True,True,False,True,True,Ready,False,True,Safety checks passed
1785210155.090460,0,TC1,500.000000,10.538095,489.461905,31.083766,0.800000,0.050000,0.000000,True,True,False,True,True,Ready,False,True,Safety checks passed
1785210155.223951,0,TC1,500.000000,21.025314,478.974686,41.083766,0.800000,0.050000,0.000000,True,True,False,True,True,Ready,False,True,Safety checks passed
1785210155.335449,0,TC1,500.000000,27.960061,472.039939,51.083766,0.800000,0.050000,0.000000,True,True,False,True,True,Ready,False,True,Safety checks passed
1785210155.462448,0,TC1,500.000000,38.823169,461.176831,61.083766,0.800000,0.050000,0.000000,True,True,False,True,True,Ready,False,True,Safety checks passed
1785210155.588942,0,TC1,500.000000,47.594738,452.405262,71.083766,0.800000,0.050000,0.000000,True,True,False,True,True,Ready,False,True,Safety checks passed
1785210155.710077,0,TC1,500.000000,58.640509,441.359491,81.083766,0.800000,0.050000,0.000000,True,True,False,True,True,Ready,False,True,Safety checks passed
1785210155.844080,0,TC1,500.000000,69.246323,430.753677,91.083766,0.800000,0.050000,0.000000,True,True,False,True,True,Ready,False,True,Safety checks passed
1785210155.970584,0,TC1,500.000000,77.863629,422.136371,101.083766,0.800000,0.050000,0.000000,True,True,False,True,True,Ready,False,True,Safety checks passed
1785210156.092078,0,TC1,500.000000,85.732944,414.267056,111.083766,0.800000,0.050000,0.000000,True,True,False,True,True,Ready,False,True,Safety checks passed
1785210156.222274,0,TC1,500.000000,98.654086,401.345914,121.083766,0.800000,0.050000,0.000000,True,True,False,True,True,Ready,False,True,Safety checks passed
1785210156.349276,0,TC1,500.000000,109.192175,390.807825,131.083766,0.800000,0.050000,0.000000,True,True,False,True,True,Ready,False,True,Safety checks passed
1785210156.475566,0,TC1,500.000000,116.817597,383.182403,141.083766,0.800000,0.050000,0.000000,True,True,False,True,True,Ready,False,True,Safety checks passed
1785210156.601061,0,TC1,500.000000,126.302851,373.697149,151.083766,0.800000,0.050000,0.000000,True,True,False,True,True,Ready,False,True,Safety checks passed
1785210156.729557,0,TC1,500.000000,137.911653,362.088347,161.083766,0.800000,0.050000,0.000000,True,True,False,True,True,Ready,False,True,Safety checks passed
1785210156.854559,0,TC1,500.000000,147.044484,352.955516,171.083766,0.800000,0.050000,0.000000,True,True,False,True,True,Ready,False,True,Safety checks passed
1785210156.983054,0,TC1,500.000000,158.342671,341.657329,181.083766,0.800000,0.050000,0.000000,True,True,False,True,True,Ready,False,True,Safety checks passed
1785210157.110551,0,TC1,500.000000,169.058123,330.941877,191.083766,0.800000,0.050000,0.000000,True,True,False,True,True,Ready,False,True,Safety checks passed
1785210157.236044,0,TC1,500.000000,177.675905,322.324095,201.083766,0.800000,0.050000,0.000000,True,True,False,True,True,Ready,False,True,Safety checks passed
1785210157.361715,0,TC1,500.000000,188.594407,311.405593,211.083766,0.800000,0.050000,0.000000,True,True,False,True,True,Ready,False,True,Safety checks passed
1785210157.491214,0,TC1,500.000000,197.457626,302.542374,221.083766,0.800000,0.050000,0.000000,True,True,False,True,True,Ready,False,True,Safety checks passed
1785210157.630705,0,TC1,500.000000,208.526668,291.473332,231.083766,0.800000,0.050000,0.000000,True,True,False,True,True,Ready,False,True,Safety checks passed
1785210157.771704,0,TC1,500.000000,220.014770,279.985230,241.083766,0.800000,0.050000,0.000000,True,True,False,True,True,Ready,False,True,Safety checks passed
1785210157.882817,0,TC1,500.000000,227.198039,272.801961,251.083766,0.800000,0.050000,0.000000,True,True,False,True,True,Ready,False,True,Safety checks passed
1785210158.007309,0,TC1,500.000000,239.273285,260.726715,259.665138,0.800000,0.050000,0.000000,True,True,False,True,True,Ready,False,True,Safety checks passed
1785210158.131807,0,TC1,500.000000,246.316101,253.683899,254.030885,0.800000,0.050000,0.000000,True,True,False,True,True,Ready,False,True,Safety checks passed
1785210158.257808,0,TC1,500.000000,249.921821,250.078179,251.146309,0.800000,0.050000,0.000000,True,True,False,True,True,Ready,False,True,Safety checks passed
1785210158.386173,0,TC1,500.000000,250.400402,249.599598,250.763445,0.800000,0.050000,0.000000,True,True,False,True,True,Ready,False,True,Safety checks passed
1785210158.509669,0,TC1,500.000000,250.568603,249.431397,250.628884,0.800000,0.050000,0.000000,True,True,False,True,True,Ready,False,True,Safety checks passed
1785210158.633169,0,TC1,500.000000,250.592355,249.407645,250.609882,0.800000,0.050000,0.000000,True,True,False,True,True,Ready,False,True,Safety checks passed
1785210158.762975,0,TC1,500.000000,250.600581,249.399419,250.603301,0.800000,0.050000,0.000000,True,True,False,True,True,Ready,False,True,Safety checks passed
1785210158.886470,0,TC1,500.000000,250.601619,249.398381,250.602471,0.800000,0.050000,0.000000,True,True,False,True,True,Ready,False,True,Safety checks passed
1785210159.011967,0,TC1,500.000000,250.602016,249.397984,250.602153,0.800000,0.050000,0.000000,True,True,False,True,True,Ready,False,True,Safety checks passed
1785210159.137470,0,TC1,500.000000,250.602070,249.397930,250.602110,0.800000,0.050000,0.000000,True,True,False,True,True,Ready,False,True,Safety checks passed
1785210159.263468,0,TC1,500.000000,250.602089,249.397911,250.602095,0.800000,0.050000,0.000000,True,True,False,True,True,Ready,False,True,Safety checks passed
1785210159.389638,0,TC1,500.000000,250.602091,249.397909,250.602093,0.800000,0.050000,0.000000,True,True,False,True,True,Ready,False,True,Safety checks passed
1785210159.513133,0,TC1,500.000000,250.602092,249.397908,250.602092,0.800000,0.050000,0.000000,True,True,False,True,True,Ready,False,True,Safety checks passed
1785210159.642626,0,TC1,500.000000,250.602092,249.397908,250.602092,0.800000,0.050000,0.000000,True,True,False,True,True,Ready,False,True,Safety checks passed
1785210159.768386,0,TC1,500.000000,250.602092,249.397908,250.602092,0.800000,0.050000,0.000000,True,True,False,True,True,Ready,False,True,Safety checks passed
1785210159.895880,0,TC1,500.000000,250.602092,249.397908,250.602092,0.800000,0.050000,0.000000,True,True,False,True,True,Ready,False,True,Safety checks passed
1785210160.022374,0,TC1,500.000000,250.602092,249.397908,250.602092,0.800000,0.050000,0.000000,True,True,False,True,True,Ready,False,True,Safety checks passed
1785210160.149376,0,TC1,500.000000,250.602092,249.397908,250.602092,0.800000,0.050000,0.000000,True,True,False,True,True,Ready,False,True,Safety checks passed
1785210160.289866,0,TC1,500.000000,250.602092,249.397908,250.602092,0.800000,0.050000,0.000000,True,True,False,True,True,Ready,False,True,Safety checks passed
1785210160.416896,0,TC1,500.000000,250.602092,249.397908,250.602092,0.800000,0.050000,0.000000,True,True,False,True,True,Ready,False,True,Safety checks passed
1785210160.557900,0,TC1,500.000000,250.602092,249.397908,250.602092,0.800000,0.050000,0.000000,True,True,False,True,True,Ready,False,True,Safety checks passed
1785210160.699156,0,TC1,500.000000,250.602092,249.397908,250.602092,0.800000,0.050000,0.000000,True,True,False,True,True,Ready,False,True,Safety checks passed
1785210160.821649,0,TC1,500.000000,250.602092,249.397908,250.602092,0.800000,0.050000,0.000000,True,True,False,True,True,Ready,False,True,Safety checks passed
1785210160.947381,0,TC1,500.000000,250.602092,249.397908,250.602092,0.800000,0.050000,0.000000,True,True,False,True,True,Ready,False,True,Safety checks passed
1785210161.073876,0,TC1,500.000000,250.602092,249.397908,250.602092,0.800000,0.050000,0.000000,True,True,False,True,True,Ready,False,True,Safety checks passed
1785210161.201372,0,TC1,500.000000,250.602092,249.397908,250.602092,0.800000,0.050000,0.000000,True,True,False,True,True,Ready,False,True,Safety checks passed
1785210161.324870,0,TC1,500.000000,250.602092,249.397908,250.602092,0.800000,0.050000,0.000000,True,True,False,True,True,Ready,False,True,Safety checks passed
1785210161.467667,0,TC1,500.000000,250.602092,249.397908,250.602092,0.800000,0.050000,0.000000,True,True,False,True,True,Ready,False,True,Safety checks passed
1785210161.598130,0,TC1,500.000000,250.602092,249.397908,250.602092,0.800000,0.050000,0.000000,True,True,False,True,True,Ready,False,True,Safety checks passed
1785210161.724626,0,TC1,500.000000,250.602092,249.397908,250.602092,0.800000,0.050000,0.000000,True,True,False,True,True,Ready,False,True,Safety checks passed
1785210161.849627,0,TC1,500.000000,250.602092,249.397908,250.602092,0.800000,0.050000,0.000000,True,True,False,True,True,Ready,False,True,Safety checks passed
1785210161.990122,0,TC1,500.000000,250.602092,249.397908,250.602092,0.800000,0.050000,0.000000,True,True,False,True,True,Ready,False,True,Safety checks passed
1785210162.117616,0,TC1,500.000000,250.602092,249.397908,250.602092,0.800000,0.050000,0.000000,True,True,False,True,True,Ready,False,True,Safety checks passed
1785210162.245617,0,TC1,500.000000,250.602092,249.397908,250.602092,0.800000,0.050000,0.000000,True,True,False,True,True,Ready,False,True,Safety checks passed
1785210162.385111,0,TC1,500.000000,250.602092,249.397908,250.602092,0.800000,0.050000,0.000000,True,True,False,True,True,Ready,False,True,Safety checks passed
1785210162.511605,0,TC1,500.000000,250.602092,249.397908,250.602092,0.800000,0.050000,0.000000,True,True,False,True,True,Ready,False,True,Safety checks passed
1785210162.637006,0,TC1,500.000000,250.602092,249.397908,250.602092,0.800000,0.050000,0.000000,True,True,False,True,True,Ready,False,True,Safety checks passed
1785210162.764003,0,TC1,500.000000,250.602092,249.397908,250.602092,0.800000,0.050000,0.000000,True,True,False,True,True,Ready,False,True,Safety checks passed
1785210162.889498,0,TC1,500.000000,250.602092,249.397908,250.602092,0.800000,0.050000,0.000000,True,True,False,True,True,Ready,False,True,Safety checks passed
1785210163.016993,0,TC1,500.000000,250.602092,249.397908,250.602092,0.800000,0.050000,0.000000,True,True,False,True,True,Ready,False,True,Safety checks passed
1785210163.144488,0,TC1,500.000000,250.602092,249.397908,250.602092,0.800000,0.050000,0.000000,True,True,False,True,True,Ready,False,True,Safety checks passed
1785210163.256494,0,TC1,500.000000,250.602092,249.397908,250.602092,0.800000,0.050000,0.000000,True,True,False,True,True,Ready,False,True,Safety checks passed
1785210163.381988,0,TC1,500.000000,250.602092,249.397908,250.602092,0.800000,0.050000,0.000000,True,True,False,True,True,Ready,False,True,Safety checks passed
1785210163.506484,0,TC1,500.000000,250.602092,249.397908,250.602092,0.800000,0.050000,0.000000,True,True,False,True,True,Ready,False,True,Safety checks passed
1785210163.632855,0,TC1,500.000000,250.602092,249.397908,250.602092,0.800000,0.050000,0.000000,True,True,False,True,True,Ready,False,True,Safety checks passed
1785210163.760855,0,TC1,500.000000,250.602092,249.397908,250.602092,0.800000,0.050000,0.000000,True,True,False,True,True,Ready,False,True,Safety checks passed
1785210163.883353,0,TC1,500.000000,250.602092,249.397908,250.602092,0.800000,0.050000,0.000000,True,True,False,True,True,Ready,False,True,Safety checks passed
1785210164.010736,0,TC1,500.000000,250.602092,249.397908,250.602092,0.800000,0.050000,0.000000,True,True,False,True,True,Ready,False,True,Safety checks passed
1785210164.131241,0,TC1,500.000000,250.602092,249.397908,250.602092,0.800000,0.050000,0.000000,True,True,False,True,True,Ready,False,True,Safety checks passed
1785210164.256783,0,TC1,500.000000,250.602092,249.397908,250.602092,0.800000,0.050000,0.000000,True,True,False,True,True,Ready,False,True,Safety checks passed
1785210164.382280,0,TC1,500.000000,250.602092,249.397908,250.602092,0.800000,0.050000,0.000000,True,True,False,True,True,Ready,False,True,Safety checks passed
1785210164.519775,0,TC1,500.000000,250.602092,249.397908,250.602092,0.800000,0.050000,0.000000,True,True,False,True,True,Ready,False,True,Safety checks passed
1785210164.638275,0,TC1,500.000000,250.602092,249.397908,250.602092,0.800000,0.050000,0.000000,True,True,False,True,True,Ready,False,True,Safety checks passed
1785210164.758625,0,TC1,500.000000,250.602092,249.397908,250.602092,0.800000,0.050000,0.000000,True,True,False,True,True,Ready,False,True,Safety checks passed
1785210164.885721,0,TC1,500.000000,250.602092,249.397908,250.602092,0.800000,0.050000,0.000000,True,True,False,True,True,Ready,False,True,Safety checks passed
1785210165.012220,0,TC1,500.000000,250.602092,249.397908,250.602092,0.800000,0.050000,0.000000,True,True,False,True,True,Ready,False,True,Safety checks passed
1785210165.136716,0,TC1,500.000000,250.602092,249.397908,250.602092,0.800000,0.050000,0.000000,True,True,False,True,True,Ready,False,True,Safety checks passed
1785210165.262717,0,TC1,500.000000,250.602092,249.397908,250.602092,0.800000,0.050000,0.000000,True,True,False,True,True,Ready,False,True,Safety checks passed
1785210165.388807,0,TC1,500.000000,250.602092,249.397908,250.602092,0.800000,0.050000,0.000000,True,True,False,True,True,Ready,False,True,Safety checks passed
1785210165.517143,0,TC1,500.000000,250.602092,249.397908,250.602092,0.800000,0.050000,0.000000,True,True,False,True,True,Ready,False,True,Safety checks passed
1785210165.642637,0,TC1,500.000000,250.602092,249.397908,250.602092,0.800000,0.050000,0.000000,True,True,False,True,True,Ready,False,True,Safety checks passed
1785210165.769634,0,TC1,500.000000,250.602092,249.397908,250.602092,0.800000,0.050000,0.000000,True,True,False,True,True,Ready,False,True,Safety checks passed
1785210165.879918,0,TC1,500.000000,250.602092,249.397908,250.602092,0.800000,0.050000,0.000000,True,True,False,True,True,Ready,False,True,Safety checks passed
1785210166.005411,0,TC1,500.000000,250.602092,249.397908,250.602092,0.800000,0.050000,0.000000,True,True,False,True,True,Ready,False,True,Safety checks passed
1785210166.131905,0,TC1,500.000000,250.602092,249.397908,250.602092,0.800000,0.050000,0.000000,True,True,False,True,True,Ready,False,True,Safety checks passed
1785210166.267911,0,TC1,500.000000,250.602092,249.397908,250.602092,0.800000,0.050000,0.000000,True,True,False,True,True,Ready,False,True,Safety checks passed
1785210166.382407,0,TC1,500.000000,250.602092,249.397908,250.602092,0.800000,0.050000,0.000000,True,True,False,True,True,Ready,False,True,Safety checks passed
1785210167.137517,0,TC1,500.000000,250.602092,249.397908,260.602092,0.800000,0.050000,0.000000,True,True,False,True,True,Ready,False,True,Safety checks passed
1785210167.193016,0,TC1,500.000000,250.602092,249.397908,260.602092,0.800000,0.050000,0.000000,True,True,False,False,False,Ready,False,True,Disarmed
1785210169.300114,0,TC1,500.000000,260.601540,239.398460,270.602092,0.800000,0.050000,0.000000,True,True,False,True,True,Ready,False,True,Safety checks passed
1785210169.411614,0,TC1,500.000000,264.057159,235.942841,280.602092,0.800000,0.050000,0.000000,True,True,False,True,True,Ready,False,True,Safety checks passed
1785210169.538108,0,TC1,500.000000,270.576951,229.423049,290.602092,0.800000,0.050000,0.000000,True,True,False,True,True,Ready,False,True,Safety checks passed
1785210169.664507,0,TC1,500.000000,279.954889,220.045111,300.602092,0.800000,0.050000,0.000000,True,True,False,True,True,Ready,False,True,Safety checks passed
1785210169.789648,0,TC1,500.000000,287.121823,212.878177,310.602092,0.800000,0.050000,0.000000,True,True,False,True,True,Ready,False,True,Safety checks passed
1785210169.919146,0,TC1,500.000000,299.120089,200.879911,320.602092,0.800000,0.050000,0.000000,True,True,False,True,True,Ready,False,True,Safety checks passed
1785210170.039645,0,TC1,500.000000,306.471578,193.528422,330.602092,0.800000,0.050000,0.000000,True,True,False,True,True,Ready,False,True,Safety checks passed
1785210170.171644,0,TC1,500.000000,318.764729,181.235271,340.602092,0.800000,0.050000,0.000000,True,True,False,True,True,Ready,False,True,Safety checks passed
1785210170.299139,0,TC1,500.000000,329.055389,170.944611,350.602092,0.800000,0.050000,0.000000,True,True,False,True,True,Ready,False,True,Safety checks passed
1785210170.411634,0,TC1,500.000000,336.501467,163.498533,360.602092,0.800000,0.050000,0.000000,True,True,False,True,True,Ready,False,True,Safety checks passed
1785210170.556267,0,TC1,500.000000,348.632756,151.367244,370.602092,0.800000,0.050000,0.000000,True,True,False,True,True,Ready,False,True,Safety checks passed
1785210170.676758,0,TC1,500.000000,356.187295,143.812705,380.602092,0.800000,0.050000,0.000000,True,True,False,True,True,Ready,False,True,Safety checks passed
1785210170.819248,0,TC1,500.000000,368.624233,131.375767,381.287615,0.800000,0.050000,0.000000,True,True,False,True,True,Ready,False,True,Safety checks passed
1785210170.945744,0,TC1,500.000000,374.558170,125.441830,377.334265,0.800000,0.050000,0.000000,True,True,False,True,True,Ready,False,True,Safety checks passed
1785210171.071746,0,TC1,500.000000,375.648525,124.351475,377.245463,0.800000,0.050000,0.000000,True,True,False,True,True,Ready,False,True,Safety checks passed
1785210171.198238,0,TC1,500.000000,376.397013,123.602987,377.428342,0.800000,0.050000,0.000000,True,True,False,True,True,Ready,False,True,Safety checks passed
1785210171.337132,0,TC1,500.000000,376.751250,123.248750,378.000792,0.800000,0.050000,0.000000,True,True,False,True,True,Ready,False,True,Safety checks passed
1785210171.467134,0,TC1,500.000000,377.387546,122.612454,378.288926,0.800000,0.050000,0.000000,True,True,False,True,True,Ready,False,True,Safety checks passed
1785210171.591627,0,TC1,500.000000,377.805141,122.194859,378.715580,0.800000,0.050000,0.000000,True,True,False,True,True,Ready,False,True,Safety checks passed
1785210171.719121,0,TC1,500.000000,378.166900,121.833100,379.203464,0.800000,0.050000,0.000000,True,True,False,True,True,Ready,False,True,Safety checks passed
1785210171.845618,0,TC1,500.000000,378.652557,121.347443,379.581798,0.800000,0.050000,0.000000,True,True,False,True,True,Ready,False,True,Safety checks passed
1785210171.961625,0,TC1,500.000000,379.017633,120.982367,379.992564,0.800000,0.050000,0.000000,True,True,False,True,True,Ready,False,True,Safety checks passed
1785210172.083643,0,TC1,500.000000,379.356387,120.643613,380.457012,0.800000,0.050000,0.000000,True,True,False,True,True,Ready,False,True,Safety checks passed
1785210172.211136,0,TC1,500.000000,379.874767,120.125233,380.808164,0.800000,0.050000,0.000000,True,True,False,True,True,Ready,False,True,Safety checks passed
1785210172.338632,0,TC1,500.000000,380.245551,119.754449,381.274960,0.800000,0.050000,0.000000,True,True,False,True,True,Ready,False,True,Safety checks passed
1785210172.465358,0,TC1,500.000000,380.728674,119.271326,381.644443,0.800000,0.050000,0.000000,True,True,False,True,True,Ready,False,True,Safety checks passed
1785210172.591852,0,TC1,500.000000,381.157715,118.842285,382.053100,0.800000,0.050000,0.000000,True,True,False,True,True,Ready,False,True,Safety checks passed
1785210172.719344,0,TC1,500.000000,381.513460,118.486540,382.523641,0.800000,0.050000,0.000000,True,True,False,True,True,Ready,False,True,Safety checks passed
1785210172.846839,0,TC1,500.000000,381.989403,118.010597,382.895267,0.800000,0.050000,0.000000,True,True,False,True,True,Ready,False,True,Safety checks passed
1785210172.974356,0,TC1,500.000000,382.304063,117.695937,383.394054,0.800000,0.050000,0.000000,True,True,False,True,True,Ready,False,True,Safety checks passed
1785210173.101850,0,TC1,500.000000,382.861880,117.138120,383.694885,0.800000,0.050000,0.000000,True,True,False,True,True,Ready,False,True,Safety checks passed
1785210173.229347,0,TC1,500.000000,383.149824,116.850176,384.209173,0.800000,0.050000,0.000000,True,True,False,True,True,Ready,False,True,Safety checks passed
1785210173.357350,0,TC1,500.000000,383.691920,116.308080,384.515534,0.800000,0.050000,0.000000,True,True,False,True,True,Ready,False,True,Safety checks passed
1785210173.499349,0,TC1,500.000000,384.078956,115.921044,385.033259,0.800000,0.050000,0.000000,True,True,False,True,True,Ready,False,True,Safety checks passed
1785210173.626844,0,TC1,500.000000,384.408647,115.591353,385.506585,0.800000,0.050000,0.000000,True,True,False,True,True,Ready,False,True,Safety checks passed
1785210173.769855,0,TC1,500.000000,384.967831,115.032169,385.877393,0.800000,0.050000,0.000000,True,True,False,True,True,Ready,False,True,Safety checks passed
1785210173.894861,0,TC1,500.000000,385.393091,114.606909,386.258439,0.800000,0.050000,0.000000,True,True,False,True,True,Ready,False,True,Safety checks passed
1785210174.021217,0,TC1,500.000000,385.736230,114.263770,386.706072,0.800000,0.050000,0.000000,True,True,False,True,True,Ready,False,True,Safety checks passed
1785210174.147217,0,TC1,500.000000,386.186856,113.813144,387.062127,0.800000,0.050000,0.000000,True,True,False,True,True,Ready,False,True,Safety checks passed
1785210174.273714,0,TC1,500.000000,386.487820,113.512180,387.539693,0.800000,0.050000,0.000000,True,True,False,True,True,Ready,False,True,Safety checks passed
1785210174.400207,0,TC1,500.000000,387.023517,112.976483,387.825770,0.800000,0.050000,0.000000,True,True,False,True,True,Ready,False,True,Safety checks passed
1785210174.541706,0,TC1,500.000000,387.397268,112.602732,388.323638,0.800000,0.050000,0.000000,True,True,False,True,True,Ready,False,True,Safety checks passed
1785210174.667617,0,TC1,500.000000,387.760747,112.239253,388.739885,0.800000,0.050000,0.000000,True,True,False,True,True,Ready,False,True,Safety checks passed
1785210174.792113,0,TC1,500.000000,388.098980,111.901020,389.161168,0.800000,0.050000,0.000000,True,True,False,True,True,Ready,False,True,Safety checks passed
1785210174.920601,0,TC1,500.000000,388.638361,111.361639,389.449339,0.800000,0.050000,0.000000,True,True,False,True,True,Ready,False,True,Safety checks passed
1785210175.063603,0,TC1,500.000000,389.019458,110.980542,389.938328,0.800000,0.050000,0.000000,True,True,False,True,True,Ready,False,True,Safety checks passed
1785210175.190095,0,TC1,500.000000,389.335445,110.664555,390.385566,0.800000,0.050000,0.000000,True,True,False,True,True,Ready,False,True,Safety checks passed
1785210175.301594,0,TC1,500.000000,389.872996,110.127004,390.569548,0.800000,0.050000,0.000000,True,True,False,True,True,Ready,False,True,Safety checks passed
1785210175.429084,0,TC1,500.000000,390.113711,109.886289,390.133531,0.800000,0.050000,0.500000,True,True,False,True,True,Ready,False,True,Safety checks passed
1785210175.553093,0,TC1,500.000000,390.123702,109.876298,391.711127,0.800000,0.050000,0.500000,True,True,False,True,True,Ready,False,True,Safety checks passed
1785210175.680583,0,TC1,500.000000,390.672139,109.327861,389.855980,0.800000,0.050000,0.500000,True,True,False,True,True,Ready,False,True,Safety checks passed
1785210175.807666,0,TC1,500.000000,390.288404,109.711596,394.522295,0.800000,0.050000,0.500000,True,True,False,True,True,Ready,False,True,Safety checks passed
1785210175.934749,0,TC1,500.000000,391.978358,108.021642,385.695119,0.800000,0.050000,0.500000,True,True,False,True,True,Ready,False,True,Safety checks passed
1785210176.061033,0,TC1,500.000000,389.054732,110.945268,395.695119,0.800000,0.050000,0.500000,True,True,False,True,True,Ready,False,True,Safety checks passed
1785210176.187330,0,TC1,500.000000,391.670031,108.329969,385.695119,0.800000,0.050000,0.500000,True,True,False,True,True,Ready,False,True,Safety checks passed
1785210176.314821,0,TC1,500.000000,388.855052,111.144948,395.695119,0.800000,0.050000,0.500000,True,True,False,True,True,Ready,False,True,Safety checks passed
1785210176.427319,0,TC1,500.000000,391.240512,108.759488,385.695119,0.800000,0.050000,0.500000,True,True,False,True,True,Ready,False,True,Safety checks passed
1785210176.553327,0,TC1,500.000000,388.415245,111.584755,395.695119,0.800000,0.050000,0.500000,True,True,False,True,True,Ready,False,True,Safety checks passed
1785210176.680818,0,TC1,500.000000,390.930221,109.069779,387.428552,0.800000,0.050000,0.500000,True,True,False,True,True,Ready,False,True,Safety checks passed
1785210176.806313,0,TC1,500.000000,389.150275,110.849725,397.428552,0.800000,0.050000,0.500000,True,True,False,True,True,Ready,False,True,Safety checks passed
1785210176.933807,0,TC1,500.000000,392.009853,107.990147,387.428552,0.800000,0.050000,0.500000,True,True,False,True,True,Ready,False,True,Safety checks passed
1785210177.061377,0,TC1,500.000000,389.851048,110.148952,397.428552,0.800000,0.050000,0.500000,True,True,False,True,True,Ready,False,True,Safety checks passed
1785210177.187870,0,TC1,500.000000,392.838320,107.161680,387.428552,0.800000,0.050000,0.500000,True,True,False,True,True,Ready,False,True,Safety checks passed
1785210177.314364,0,TC1,500.000000,390.303344,109.696656,397.428552,0.800000,0.050000,0.500000,True,True,False,True,True,Ready,False,True,Safety checks passed
1785210177.425475,0,TC1,500.000000,392.756071,107.243929,387.428552,0.800000,0.050000,0.500000,True,True,False,True,True,Ready,False,True,Safety checks passed
1785210177.550477,0,TC1,500.000000,390.656483,109.343517,397.428552,0.800000,0.050000,0.500000,True,True,False,True,True,Ready,False,True,Safety checks passed
1785210177.679540,0,TC1,500.000000,393.847175,106.152825,387.428552,0.800000,0.050000,0.500000,True,True,False,True,True,Ready,False,True,Safety checks passed
1785210177.802037,0,TC1,500.000000,390.821290,109.178710,397.428552,0.800000,0.050000,0.500000,True,True,False,True,True,Ready,False,True,Safety checks passed
1785210177.926529,0,TC1,500.000000,393.405406,106.594594,387.428552,0.800000,0.050000,0.500000,True,True,False,True,True,Ready,False,True,Safety checks passed
1785210178.058616,0,TC1,500.000000,390.612002,109.387998,397.428552,0.800000,0.050000,0.500000,True,True,False,True,True,Ready,False,True,Safety checks passed
1785210178.184063,0,TC1,500.000000,393.278558,106.721442,387.428552,0.800000,0.050000,0.500000,True,True,False,True,True,Ready,False,True,Safety checks passed
1785210178.310556,0,TC1,500.000000,390.536560,109.463440,397.428552,0.800000,0.050000,0.500000,True,True,False,True,True,Ready,False,True,Safety checks passed
1785210178.437051,0,TC1,500.000000,393.253437,106.746563,387.428552,0.800000,0.050000,0.500000,True,True,False,True,True,Ready,False,True,Safety checks passed
1785210178.563058,0,TC1,500.000000,390.523937,109.476063,397.428552,0.800000,0.050000,0.500000,True,True,False,True,True,Ready,False,True,Safety checks passed
1785210178.687550,0,TC1,500.000000,393.190774,106.809226,387.428552,0.800000,0.050000,0.500000,True,True,False,True,True,Ready,False,True,Safety checks passed
1785210178.812045,0,TC1,500.000000,390.521142,109.478858,397.428552,0.800000,0.050000,0.500000,True,True,False,True,True,Ready,False,True,Safety checks passed
1785210178.938540,0,TC1,500.000000,392.885531,107.114469,387.428552,0.800000,0.050000,0.500000,True,True,False,True,True,Ready,False,True,Safety checks passed
1785210179.056350,0,TC1,500.000000,390.094861,109.905139,397.428552,0.800000,0.050000,0.500000,True,True,False,True,True,Ready,False,True,Safety checks passed
1785210179.176843,0,TC1,500.000000,392.639599,107.360401,387.428552,0.800000,0.050000,0.500000,True,True,False,True,True,Ready,False,True,Safety checks passed
1785210179.304341,0,TC1,500.000000,389.985175,110.014825,397.428552,0.800000,0.050000,0.500000,True,True,False,True,True,Ready,False,True,Safety checks passed
1785210179.430475,0,TC1,500.000000,392.548169,107.451831,387.428552,0.800000,0.050000,0.500000,True,True,False,True,True,Ready,False,True,Safety checks passed
1785210179.556276,0,TC1,500.000000,389.944507,110.055493,397.428552,0.800000,0.050000,0.500000,True,True,False,True,True,Ready,False,True,Safety checks passed
1785210179.683769,0,TC1,500.000000,392.531229,107.468771,387.428552,0.800000,0.050000,0.500000,True,True,False,True,True,Ready,False,True,Safety checks passed
1785210179.812264,0,TC1,500.000000,390.127094,109.872906,397.428552,0.800000,0.050000,0.500000,True,True,False,True,True,Ready,False,True,Safety checks passed
1785210179.937756,0,TC1,500.000000,393.005982,106.994018,387.428552,0.800000,0.050000,0.500000,True,True,False,True,True,Ready,False,True,Safety checks passed
1785210180.054764,0,TC1,500.000000,390.385068,109.614932,397.428552,0.800000,0.050000,0.500000,True,True,False,True,True,Ready,False,True,Safety checks passed
1785210180.176851,0,TC1,500.000000,392.830686,107.169314,387.428552,0.800000,0.050000,0.500000,True,True,False,True,True,Ready,False,True,Safety checks passed
1785210180.303345,0,TC1,500.000000,390.072273,109.927727,397.428552,0.800000,0.050000,0.500000,True,True,False,True,True,Ready,False,True,Safety checks passed
1785210180.429837,0,TC1,500.000000,392.614758,107.385242,387.428552,0.800000,0.050000,0.500000,True,True,False,True,True,Ready,False,True,Safety checks passed
1785210180.555837,0,TC1,500.000000,389.985996,110.014004,397.428552,0.800000,0.050000,0.500000,True,True,False,True,True,Ready,False,True,Safety checks passed
1785210180.680859,0,TC1,500.000000,392.498709,107.501291,387.428552,0.800000,0.050000,0.500000,True,True,False,True,True,Ready,False,True,Safety checks passed
1785210180.806352,0,TC1,500.000000,390.136066,109.863934,397.428552,0.800000,0.050000,0.500000,True,True,False,True,True,Ready,False,True,Safety checks passed
1785210180.932846,0,TC1,500.000000,393.010782,106.989218,387.428552,0.800000,0.050000,0.500000,True,True,False,True,True,Ready,False,True,Safety checks passed
1785210181.060417,0,TC1,500.000000,390.371719,109.628281,397.428552,0.800000,0.050000,0.500000,True,True,False,True,True,Ready,False,True,Safety checks passed
1785210181.186908,0,TC1,500.000000,393.142748,106.857252,387.428552,0.800000,0.050000,0.500000,True,True,False,True,True,Ready,False,True,Safety checks passed
1785210181.313404,0,TC1,500.000000,390.464641,109.535359,397.428552,0.800000,0.050000,0.500000,True,True,False,True,True,Ready,False,True,Safety checks passed
1785210181.438901,0,TC1,500.000000,392.826248,107.173752,387.428552,0.800000,0.050000,0.500000,True,True,False,True,True,Ready,False,True,Safety checks passed
1785210181.563589,0,TC1,500.000000,390.081606,109.918394,397.428552,0.800000,0.050000,0.500000,True,True,False,True,True,Ready,False,True,Safety checks passed
1785210181.689081,0,TC1,500.000000,392.584472,107.415528,387.428552,0.800000,0.050000,0.500000,True,True,False,True,True,Ready,False,True,Safety checks passed
1785210181.814575,0,TC1,500.000000,389.984007,110.015993,397.428552,0.800000,0.050000,0.500000,True,True,False,True,True,Ready,False,True,Safety checks passed
1785210181.924072,0,TC1,500.000000,392.556017,107.443983,387.428552,0.800000,0.050000,0.500000,True,True,False,True,True,Ready,False,True,Safety checks passed
1785210182.051078,0,TC1,500.000000,389.958424,110.041576,397.428552,0.800000,0.050000,0.500000,True,True,False,True,True,Ready,False,True,Safety checks passed
1785210182.176572,0,TC1,500.000000,392.526959,107.473041,387.428552,0.800000,0.050000,0.500000,True,True,False,True,True,Ready,False,True,Safety checks passed
1785210182.303068,0,TC1,500.000000,389.942853,110.057147,397.428552,0.800000,0.050000,0.500000,True,True,False,True,True,Ready,False,True,Safety checks passed
1785210182.431076,0,TC1,500.000000,392.541805,107.458195,387.428552,0.800000,0.050000,0.500000,True,True,False,True,True,Ready,False,True,Safety checks passed
1785210182.552088,0,TC1,500.000000,390.127296,109.872704,397.428552,0.800000,0.050000,0.500000,True,True,False,True,True,Ready,False,True,Safety checks passed
1785210182.685580,0,TC1,500.000000,392.992938,107.007062,387.428552,0.800000,0.050000,0.500000,True,True,False,True,True,Ready,False,True,Safety checks passed
1785210182.812069,0,TC1,500.000000,390.370376,109.629624,397.428552,0.800000,0.050000,0.500000,True,True,False,True,True,Ready,False,True,Safety checks passed
1785210182.938570,0,TC1,500.000000,392.786350,107.213650,387.428552,0.800000,0.050000,0.500000,True,True,False,True,True,Ready,False,True,Safety checks passed
1785210183.064848,0,TC1,500.000000,390.053766,109.946234,397.428552,0.800000,0.050000,0.500000,True,True,False,True,True,Ready,False,True,Safety checks passed
1785210183.190340,0,TC1,500.000000,393.489991,106.510009,387.428552,0.800000,0.050000,0.500000,True,True,False,True,True,Ready,False,True,Safety checks passed
1785210183.316836,0,TC1,500.000000,391.081799,108.918201,397.428552,0.800000,0.050000,0.500000,True,True,False,True,True,Ready,False,True,Safety checks passed
1785210183.443330,0,TC1,500.000000,394.039086,105.960914,387.428552,0.800000,0.050000,0.500000,True,True,False,True,True,Ready,False,True,Safety checks passed
1785210183.569250,0,TC1,500.000000,391.445768,108.554232,397.428552,0.800000,0.050000,0.500000,True,True,False,True,True,Ready,False,True,Safety checks passed
1785210183.694746,0,TC1,500.000000,393.503143,106.496857,387.592659,0.800000,0.050000,0.500000,True,True,False,True,True,Ready,False,True,Safety checks passed
1785210183.823239,0,TC1,500.000000,390.725511,109.274489,397.592659,0.800000,0.050000,0.500000,True,True,False,True,True,Ready,False,True,Safety checks passed
1785210183.949121,0,TC1,500.000000,394.221487,105.778513,387.592659,0.800000,0.050000,0.500000,True,True,False,True,True,Ready,False,True,Safety checks passed
1785210184.074614,0,TC1,500.000000,391.961522,108.038478,397.592659,0.800000,0.050000,0.500000,True,True,False,True,True,Ready,False,True,Safety checks passed
1785210184.200106,0,TC1,500.000000,394.813760,105.186240,387.592659,0.800000,0.050000,0.500000,True,True,False,True,True,Ready,False,True,Safety checks passed
1785210184.327283,0,TC1,500.000000,392.325720,107.674280,397.592659,0.800000,0.050000,0.500000,True,True,False,True,True,Ready,False,True,Safety checks passed
1785210184.452126,0,TC1,500.000000,394.991838,105.008162,387.592659,0.800000,0.050000,0.500000,True,True,False,True,True,Ready,False,True,Safety checks passed
1785210184.578620,0,TC1,500.000000,392.447278,107.552722,397.592659,0.800000,0.050000,0.500000,True,True,False,True,True,Ready,False,True,Safety checks passed
1785210184.690113,0,TC1,500.000000,394.865108,105.134892,387.592659,0.800000,0.050000,0.500000,True,True,False,True,True,Ready,False,True,Safety checks passed
1785210184.831606,0,TC1,500.000000,391.999025,108.000975,397.592659,0.800000,0.050000,0.500000,True,True,False,True,True,Ready,False,True,Safety checks passed
1785210184.958615,0,TC1,500.000000,394.619866,105.380134,387.592659,0.800000,0.050000,0.500000,True,True,False,True,True,Ready,False,True,Safety checks passed
1785210185.084103,0,TC1,500.000000,391.860591,108.139409,397.592659,0.800000,0.050000,0.500000,True,True,False,True,True,Ready,False,True,Safety checks passed
1785210185.210600,0,TC1,500.000000,394.531089,105.468911,387.592659,0.800000,0.050000,0.500000,True,True,False,True,True,Ready,False,True,Safety checks passed
1785210185.351500,0,TC1,500.000000,391.018103,108.981897,397.592659,0.800000,0.050000,0.500000,True,True,False,True,True,Ready,False,True,Safety checks passed
1785210185.479995,0,TC1,500.000000,393.311719,106.688281,387.592659,0.800000,0.050000,0.500000,True,True,False,True,True,Ready,False,True,Safety checks passed
1785210185.603493,0,TC1,500.000000,390.617127,109.382873,397.592659,0.800000,0.050000,0.500000,True,True,False,True,True,Ready,False,True,Safety checks passed
1785210185.731987,0,TC1,500.000000,393.388502,106.611498,387.592659,0.800000,0.050000,0.500000,True,True,False,True,True,Ready,False,True,Safety checks passed
1785210185.856998,0,TC1,500.000000,390.672725,109.327275,397.592659,0.800000,0.050000,0.500000,True,True,False,True,True,Ready,False,True,Safety checks passed
1785210185.985490,0,TC1,500.000000,393.366992,106.633008,387.592659,0.800000,0.050000,0.500000,True,True,False,True,True,Ready,False,True,Safety checks passed
1785210186.098986,0,TC1,500.000000,390.661285,109.338715,397.592659,0.800000,0.050000,0.500000,True,True,False,True,True,Ready,False,True,Safety checks passed
1785210186.224478,0,TC1,500.000000,393.056097,106.943903,387.592659,0.800000,0.050000,0.500000,True,True,False,True,True,Ready,False,True,Safety checks passed
1785210186.366476,0,TC1,500.000000,390.274039,109.725961,397.592659,0.800000,0.050000,0.500000,True,True,False,True,True,Ready,False,True,Safety checks passed
1785210186.493969,0,TC1,500.000000,393.722586,106.277414,387.592659,0.800000,0.050000,0.500000,True,True,False,True,True,Ready,False,True,Safety checks passed
1785210186.621462,0,TC1,500.000000,391.603971,108.396029,397.592659,0.800000,0.050000,0.500000,True,True,False,True,True,Ready,False,True,Safety checks passed
1785210186.764466,0,TC1,500.000000,394.668827,105.331173,387.592659,0.800000,0.050000,0.500000,True,True,False,True,True,Ready,False,True,Safety checks passed
1785210186.890958,0,TC1,500.000000,391.353016,108.646984,397.592659,0.800000,0.050000,0.500000,True,True,False,True,True,Ready,False,True,Safety checks passed
1785210187.002451,0,TC1,500.000000,393.831759,106.168241,387.592659,0.800000,0.050000,0.500000,True,True,False,True,True,Ready,False,True,Safety checks passed
1785210187.141943,0,TC1,500.000000,391.675896,108.324104,397.592659,0.800000,0.050000,0.500000,True,True,False,True,True,Ready,False,True,Safety checks passed
1785210187.254955,0,TC1,500.000000,394.674471,105.325529,387.592659,0.800000,0.050000,0.500000,True,True,False,True,True,Ready,False,True,Safety checks passed
1785210187.382447,0,TC1,500.000000,392.227508,107.772492,397.592659,0.800000,0.050000,0.500000,True,True,False,True,True,Ready,False,True,Safety checks passed
1785210187.508940,0,TC1,500.000000,394.741970,105.258030,387.592659,0.800000,0.050000,0.500000,True,True,False,True,True,Ready,False,True,Safety checks passed
1785210187.635442,0,TC1,500.000000,391.923604,108.076396,397.592659,0.800000,0.050000,0.500000,True,True,False,True,True,Ready,False,True,Safety checks passed
1785210187.762436,0,TC1,500.000000,394.594581,105.405419,387.592659,0.800000,0.050000,0.500000,True,True,False,True,True,Ready,False,True,Safety checks passed
1785210187.889927,0,TC1,500.000000,391.303902,108.696098,397.592659,0.800000,0.050000,0.500000,True,True,False,True,True,Ready,False,True,Safety checks passed
1785210188.030421,0,TC1,500.000000,393.783516,106.216484,387.592659,0.800000,0.050000,0.500000,True,True,False,True,True,Ready,False,True,Safety checks passed
1785210188.172420,0,TC1,500.000000,390.915044,109.084956,397.592659,0.800000,0.050000,0.500000,True,True,False,True,True,Ready,False,True,Safety checks passed
1785210188.298912,0,TC1,500.000000,394.316983,105.683017,387.592659,0.800000,0.050000,0.500000,True,True,False,True,True,Ready,False,True,Safety checks passed
1785210188.425413,0,TC1,500.000000,392.016276,107.983724,397.592659,0.800000,0.050000,0.500000,True,True,False,True,True,Ready,False,True,Safety checks passed
1785210188.549415,0,TC1,500.000000,394.827529,105.172471,387.592659,0.800000,0.050000,0.500000,True,True,False,True,True,Ready,False,True,Safety checks passed
1785210188.674912,0,TC1,500.000000,392.362783,107.637217,397.592659,0.800000,0.050000,0.500000,True,True,False,True,True,Ready,False,True,Safety checks passed
1785210188.802405,0,TC1,500.000000,395.039668,104.960332,387.592659,0.800000,0.050000,0.500000,True,True,False,True,True,Ready,False,True,Safety checks passed
1785210188.928900,0,TC1,500.000000,392.489960,107.510040,397.592659,0.800000,0.050000,0.500000,True,True,False,True,True,Ready,False,True,Safety checks passed
1785210189.054900,0,TC1,500.000000,395.087986,104.912014,387.592659,0.800000,0.050000,0.500000,True,True,False,True,True,Ready,False,True,Safety checks passed
1785210189.182399,0,TC1,500.000000,392.497392,107.502608,397.592659,0.800000,0.050000,0.500000,True,True,False,True,True,Ready,False,True,Safety checks passed
1785210189.309889,0,TC1,500.000000,394.897864,105.102136,387.592659,0.800000,0.050000,0.500000,True,True,False,True,True,Ready,False,True,Safety checks passed
1785210189.437387,0,TC1,500.000000,392.373557,107.626443,397.592659,0.800000,0.050000,0.500000,True,True,False,True,True,Ready,False,True,Safety checks passed
1785210189.551395,0,TC1,500.000000,395.038568,104.961432,387.592659,0.800000,0.050000,0.500000,True,True,False,True,True,Ready,False,True,Safety checks passed
1785210189.674883,0,TC1,500.000000,392.466067,107.533933,397.592659,0.800000,0.050000,0.500000,True,True,False,True,True,Ready,False,True,Safety checks passed
1785210189.802377,0,TC1,500.000000,395.077836,104.922164,387.592659,0.800000,0.050000,0.500000,True,True,False,True,True,Ready,False,True,Safety checks passed
1785210189.924874,0,TC1,500.000000,392.515407,107.484593,397.592659,0.800000,0.050000,0.500000,True,True,False,True,True,Ready,False,True,Safety checks passed
1785210190.050890,0,TC1,500.000000,394.270452,105.729548,388.251349,0.800000,0.050000,0.500000,True,True,False,True,True,Ready,False,True,Safety checks passed
1785210190.179377,0,TC1,500.000000,391.228222,108.771778,398.251349,0.800000,0.050000,0.500000,True,True,False,True,True,Ready,False,True,Safety checks passed
1785210190.306871,0,TC1,500.000000,394.528006,105.471994,388.251349,0.800000,0.050000,0.500000,True,True,False,True,True,Ready,False,True,Safety checks passed
1785210190.433366,0,TC1,500.000000,392.054416,107.945584,398.251349,0.800000,0.050000,0.500000,True,True,False,True,True,Ready,False,True,Safety checks passed
1785210190.559367,0,TC1,500.000000,394.958256,105.041744,388.251349,0.800000,0.050000,0.500000,True,True,False,True,True,Ready,False,True,Safety checks passed
1785210190.684862,0,TC1,500.000000,392.325407,107.674593,398.251349,0.800000,0.050000,0.500000,True,True,False,True,True,Ready,False,True,Safety checks passed
1785210190.811357,0,TC1,500.000000,395.086736,104.913264,388.251349,0.800000,0.050000,0.500000,True,True,False,True,True,Ready,False,True,Safety checks passed
1785210190.936852,0,TC1,500.000000,392.725148,107.274852,398.251349,0.800000,0.050000,0.500000,True,True,False,True,True,Ready,False,True,Safety checks passed
1785210191.063858,0,TC1,500.000000,395.524765,104.475235,388.251349,0.800000,0.050000,0.500000,True,True,False,True,True,Ready,False,True,Safety checks passed
1785210191.191348,0,TC1,500.000000,392.097598,107.902402,398.251349,0.800000,0.050000,0.500000,True,True,False,True,True,Ready,False,True,Safety checks passed
1785210191.318840,0,TC1,500.000000,394.522448,105.477552,388.251349,0.800000,0.050000,0.500000,True,True,False,True,True,Ready,False,True,Safety checks passed
1785210191.443335,0,TC1,500.000000,391.600501,108.399499,398.251349,0.800000,0.050000,0.500000,True,True,False,True,True,Ready,False,True,Safety checks passed
1785210191.570337,0,TC1,500.000000,394.233105,105.766895,388.251349,0.800000,0.050000,0.500000,True,True,False,True,True,Ready,False,True,Safety checks passed
1785210191.707831,0,TC1,500.000000,391.414744,108.585256,398.251349,0.800000,0.050000,0.500000,True,True,False,True,True,Ready,False,True,Safety checks passed
1785210191.838325,0,TC1,500.000000,393.755081,106.244919,388.251349,0.800000,0.050000,0.500000,True,True,False,True,True,Ready,False,True,Safety checks passed
1785210191.965326,0,TC1,500.000000,390.966920,109.033080,398.251349,0.800000,0.050000,0.500000,True,True,False,True,True,Ready,False,True,Safety checks passed
1785210192.092820,0,TC1,500.000000,394.399107,105.600893,388.251349,0.800000,0.050000,0.500000,True,True,False,True,True,Ready,False,True,Safety checks passed
1785210192.209316,0,TC1,500.000000,391.956484,108.043516,398.251349,0.800000,0.050000,0.500000,True,True,False,True,True,Ready,False,True,Safety checks passed
1785210192.346808,0,TC1,500.000000,394.906095,105.093905,388.251349,0.800000,0.050000,0.500000,True,True,False,True,True,Ready,False,True,Safety checks passed
1785210192.473817,0,TC1,500.000000,392.606368,107.393632,398.251349,0.800000,0.050000,0.500000,True,True,False,True,True,Ready,False,True,Safety checks passed
1785210192.600307,0,TC1,500.000000,395.480805,104.519195,388.251349,0.800000,0.050000,0.500000,True,True,False,True,True,Ready,False,True,Safety checks passed
1785210192.726801,0,TC1,500.000000,393.005756,106.994244,398.251349,0.800000,0.050000,0.500000,True,True,False,True,True,Ready,False,True,Safety checks passed
1785210192.853802,0,TC1,500.000000,395.690311,104.309689,388.251349,0.800000,0.050000,0.500000,True,True,False,True,True,Ready,False,True,Safety checks passed
1785210192.980295,0,TC1,500.000000,393.119833,106.880167,398.251349,0.800000,0.050000,0.500000,True,True,False,True,True,Ready,False,True,Safety checks passed
1785210193.105800,0,TC1,500.000000,395.524388,104.475612,388.251349,0.800000,0.050000,0.500000,True,True,False,True,True,Ready,False,True,Safety checks passed
1785210193.233293,0,TC1,500.000000,392.680421,107.319579,398.251349,0.800000,0.050000,0.500000,True,True,False,True,True,Ready,False,True,Safety checks passed
1785210193.356307,0,TC1,500.000000,395.290991,104.709009,388.251349,0.800000,0.050000,0.500000,True,True,False,True,True,Ready,False,True,Safety checks passed
1785210193.469796,0,TC1,500.000000,392.527510,107.472490,398.251349,0.800000,0.050000,0.500000,True,True,False,True,True,Ready,False,True,Safety checks passed
1785210193.612288,0,TC1,500.000000,395.209861,104.790139,388.251349,0.800000,0.050000,0.500000,True,True,False,True,True,Ready,False,True,Safety checks passed
1785210193.754290,0,TC1,500.000000,391.666632,108.333368,398.251349,0.800000,0.050000,0.500000,True,True,False,True,True,Ready,False,True,Safety checks passed
1785210193.893780,0,TC1,500.000000,394.700175,105.299825,388.251349,0.800000,0.050000,0.500000,True,True,False,True,True,Ready,False,True,Safety checks passed
1785210194.018277,0,TC1,500.000000,392.472176,107.527824,398.251349,0.800000,0.050000,0.500000,True,True,False,True,True,Ready,False,True,Safety checks passed
1785210194.148271,0,TC1,500.000000,395.430001,104.569999,388.251349,0.800000,0.050000,0.500000,True,True,False,True,True,Ready,False,True,Safety checks passed
1785210194.274767,0,TC1,500.000000,392.960793,107.039207,398.251349,0.800000,0.050000,0.500000,True,True,False,True,True,Ready,False,True,Safety checks passed
1785210194.401264,0,TC1,500.000000,395.655662,104.344338,388.251349,0.800000,0.050000,0.500000,True,True,False,True,True,Ready,False,True,Safety checks passed
1785210194.520759,0,TC1,500.000000,393.097377,106.902623,398.251349,0.800000,0.050000,0.500000,True,True,False,True,True,Ready,False,True,Safety checks passed
1785210194.655769,0,TC1,500.000000,395.526196,104.473804,388.251349,0.800000,0.050000,0.500000,True,True,False,True,True,Ready,False,True,Safety checks passed
1785210194.783260,0,TC1,500.000000,392.647310,107.352690,398.251349,0.800000,0.050000,0.500000,True,True,False,True,True,Ready,False,True,Safety checks passed
1785210194.924753,0,TC1,500.000000,395.273442,104.726558,388.251349,0.800000,0.050000,0.500000,True,True,False,True,True,Ready,False,True,Safety checks passed
1785210195.047758,0,TC1,500.000000,392.527434,107.472566,398.251349,0.800000,0.050000,0.500000,True,True,False,True,True,Ready,False,True,Safety checks passed
1785210195.176255,0,TC1,500.000000,395.209939,104.790061,388.251349,0.800000,0.050000,0.500000,True,True,False,True,True,Ready,False,True,Safety checks passed
1785210195.303746,0,TC1,500.000000,391.665332,108.334668,398.251349,0.800000,0.050000,0.500000,True,True,False,True,True,Ready,False,True,Safety checks passed
1785210195.430240,0,TC1,500.000000,393.919385,106.080615,388.251349,0.800000,0.050000,0.500000,True,True,False,True,True,Ready,False,True,Safety checks passed
1785210195.556243,0,TC1,500.000000,391.263218,108.736782,398.251349,0.800000,0.050000,0.500000,True,True,False,True,True,Ready,False,True,Safety checks passed
1785210195.683736,0,TC1,500.000000,394.029054,105.970946,388.251349,0.800000,0.050000,0.500000,True,True,False,True,True,Ready,False,True,Safety checks passed
1785210195.811230,0,TC1,500.000000,391.306214,108.693786,398.251349,0.800000,0.050000,0.500000,True,True,False,True,True,Ready,False,True,Safety checks passed
1785210195.937728,0,TC1,500.000000,393.660630,106.339370,388.251349,0.800000,0.050000,0.500000,True,True,False,True,True,Ready,False,True,Safety checks passed
1785210196.047725,0,TC1,500.000000,390.891933,109.108067,398.251349,0.800000,0.050000,0.500000,True,True,False,True,True,Ready,False,True,Safety checks passed
1785210196.174222,0,TC1,500.000000,393.422343,106.577657,388.251349,0.800000,0.050000,0.500000,True,True,False,True,True,Ready,False,True,Safety checks passed
1785210196.300713,0,TC1,500.000000,390.789039,109.210961,398.251349,0.800000,0.050000,0.500000,True,True,False,True,True,Ready,False,True,Safety checks passed
1785210196.441207,0,TC1,500.000000,394.246276,105.753724,388.251349,0.800000,0.050000,0.500000,True,True,False,True,True,Ready,False,True,Safety checks passed
1785210196.582206,0,TC1,500.000000,391.892768,108.107232,398.251349,0.800000,0.050000,0.500000,True,True,False,True,True,Ready,False,True,Safety checks passed
1785210196.708696,0,TC1,500.000000,394.871852,105.128148,388.251349,0.800000,0.050000,0.500000,True,True,False,True,True,Ready,False,True,Safety checks passed
1785210196.835194,0,TC1,500.000000,392.280484,107.719516,398.251349,0.800000,0.050000,0.500000,True,True,False,True,True,Ready,False,True,Safety checks passed
1785210196.977192,0,TC1,500.000000,395.078317,104.921683,388.251349,0.800000,0.050000,0.500000,True,True,False,True,True,Ready,False,True,Safety checks passed
1785210197.104688,0,TC1,500.000000,391.870653,108.129347,398.251349,0.800000,0.050000,0.500000,True,True,False,True,True,Ready,False,True,Safety checks passed
1785210197.245179,0,TC1,500.000000,395.097717,104.902283,388.251349,0.800000,0.050000,0.500000,True,True,False,True,True,Ready,False,True,Safety checks passed
1785210197.372185,0,TC1,500.000000,392.732036,107.267964,398.251349,0.800000,0.050000,0.500000,True,True,False,True,True,Ready,False,True,Safety checks passed
1785210197.492676,0,TC1,500.000000,394.898836,105.101164,388.251349,0.800000,0.050000,0.500000,True,True,False,True,True,Ready,False,True,Safety checks passed
1785210197.625170,0,TC1,500.000000,391.784149,108.215851,398.251349,0.800000,0.050000,0.500000,True,True,False,True,True,Ready,False,True,Safety checks passed
1785210197.752174,0,TC1,500.000000,395.094013,104.905987,388.251349,0.800000,0.050000,0.500000,True,True,False,True,True,Ready,False,True,Safety checks passed
1785210197.876667,0,TC1,500.000000,392.729079,107.270921,398.251349,0.800000,0.050000,0.500000,True,True,False,True,True,Ready,False,True,Safety checks passed
1785210198.004164,0,TC1,500.000000,395.316591,104.683409,388.251349,0.800000,0.050000,0.500000,True,True,False,True,True,Ready,False,True,Safety checks passed
1785210198.126658,0,TC1,500.000000,392.530742,107.469258,398.251349,0.800000,0.050000,0.500000,True,True,False,True,True,Ready,False,True,Safety checks passed
1785210198.253660,0,TC1,500.000000,395.226270,104.773730,388.251349,0.800000,0.050000,0.500000,True,True,False,True,True,Ready,False,True,Safety checks passed
1785210198.385159,0,TC1,500.000000,392.511274,107.488726,398.251349,0.800000,0.050000,0.500000,True,True,False,True,True,Ready,False,True,Safety checks passed
1785210198.511647,0,TC1,500.000000,395.201849,104.798151,388.251349,0.800000,0.050000,0.500000,True,True,False,True,True,Ready,False,True,Safety checks passed
1785210198.638144,0,TC1,500.000000,392.823409,107.176591,398.251349,0.800000,0.050000,0.500000,True,True,False,True,True,Ready,False,True,Safety checks passed
1785210198.764147,0,TC1,500.000000,395.601412,104.398588,388.251349,0.800000,0.050000,0.500000,True,True,False,True,True,Ready,False,True,Safety checks passed
1785210198.875644,0,TC1,500.000000,393.073357,106.926643,398.251349,0.800000,0.050000,0.500000,True,True,False,True,True,Ready,False,True,Safety checks passed
1785210199.002136,0,TC1,500.000000,395.710146,104.289854,388.251349,0.800000,0.050000,0.500000,True,True,False,True,True,Ready,False,True,Safety checks passed
1785210199.129632,0,TC1,500.000000,393.133112,106.866888,398.251349,0.800000,0.050000,0.500000,True,True,False,True,True,Ready,False,True,Safety checks passed
1785210199.257226,0,TC1,500.000000,395.552725,104.447275,388.251349,0.800000,0.050000,0.500000,True,True,False,True,True,Ready,False,True,Safety checks passed
1785210199.383717,0,TC1,500.000000,392.685972,107.314028,398.251349,0.800000,0.050000,0.500000,True,True,False,True,True,Ready,False,True,Safety checks passed
1785210199.510217,0,TC1,500.000000,395.293481,104.706519,388.251349,0.800000,0.050000,0.500000,True,True,False,True,True,Ready,False,True,Safety checks passed
1785210199.636707,0,TC1,500.000000,392.859294,107.140706,398.251349,0.800000,0.050000,0.500000,True,True,False,True,True,Ready,False,True,Safety checks passed
1785210199.763710,0,TC1,500.000000,395.604767,104.395233,388.251349,0.800000,0.050000,0.500000,True,True,False,True,True,Ready,False,True,Safety checks passed
1785210199.885210,0,TC1,500.000000,393.076684,106.923316,398.251349,0.800000,0.050000,0.500000,True,True,False,True,True,Ready,False,True,Safety checks passed
1785210200.113198,0,TC1,500.000000,396.589515,103.410485,388.251349,0.800000,0.050000,0.500000,True,True,False,True,True,Ready,False,True,Safety checks passed
1785210200.126196,0,TC1,500.000000,396.589515,103.410485,393.330480,0.800000,0.050000,0.500000,True,True,False,True,True,Ready,False,True,Safety checks passed
1785210200.269200,0,TC1,500.000000,394.938560,105.061440,400.429228,0.800000,0.050000,0.500000,True,True,False,True,True,Ready,False,True,Safety checks passed
1785210200.397689,0,TC1,500.000000,397.525640,102.474360,390.429228,0.800000,0.050000,0.500000,True,True,False,True,True,Ready,False,True,Safety checks passed
1785210200.524180,0,TC1,500.000000,395.073840,104.926160,400.429228,0.800000,0.050000,0.500000,True,True,False,True,True,Ready,False,True,Safety checks passed
1785210200.650181,0,TC1,500.000000,397.800522,102.199478,390.429228,0.800000,0.050000,0.500000,True,True,False,True,True,Ready,False,True,Safety checks passed
1785210200.776672,0,TC1,500.000000,395.241490,104.758510,400.429228,0.800000,0.050000,0.500000,True,True,False,True,True,Ready,False,True,Safety checks passed
1785210200.904166,0,TC1,500.000000,397.666239,102.333761,390.429228,0.800000,0.050000,0.500000,True,True,False,True,True,Ready,False,True,Safety checks passed
1785210201.044659,0,TC1,500.000000,394.008504,105.991496,400.429228,0.800000,0.050000,0.500000,True,True,False,True,True,Ready,False,True,Safety checks passed
1785210201.183662,0,TC1,500.000000,396.487593,103.512407,390.429228,0.800000,0.050000,0.500000,True,True,False,True,True,Ready,False,True,Safety checks passed
1785210201.310156,0,TC1,500.000000,393.648576,106.351424,400.429228,0.800000,0.050000,0.500000,True,True,False,True,True,Ready,False,True,Safety checks passed
1785210201.421650,0,TC1,500.000000,395.969459,104.030541,390.429228,0.800000,0.050000,0.500000,True,True,False,True,True,Ready,False,True,Safety checks passed
1785210201.548657,0,TC1,500.000000,393.148086,106.851914,400.429228,0.800000,0.050000,0.500000,True,True,False,True,True,Ready,False,True,Safety checks passed
1785210201.675148,0,TC1,500.000000,395.674715,104.325285,390.429228,0.800000,0.050000,0.500000,True,True,False,True,True,Ready,False,True,Safety checks passed
1785210201.802639,0,TC1,500.000000,392.989927,107.010073,400.429228,0.800000,0.050000,0.500000,True,True,False,True,True,Ready,False,True,Safety checks passed
1785210201.928132,0,TC1,500.000000,395.512495,104.487505,390.429228,0.800000,0.050000,0.500000,True,True,False,True,True,Ready,False,True,Safety checks passed
1785210202.055686,0,TC1,500.000000,393.117029,106.882971,400.429228,0.800000,0.050000,0.500000,True,True,False,True,True,Ready,False,True,Safety checks passed
1785210202.182178,0,TC1,500.000000,395.999965,104.000035,390.429228,0.800000,0.050000,0.500000,True,True,False,True,True,Ready,False,True,Safety checks passed
1785210202.308671,0,TC1,500.000000,393.389613,106.610387,400.429228,0.800000,0.050000,0.500000,True,True,False,True,True,Ready,False,True,Safety checks passed
1785210202.435169,0,TC1,500.000000,395.822260,104.177740,390.429228,0.800000,0.050000,0.500000,True,True,False,True,True,Ready,False,True,Safety checks passed
1785210202.748801,0,TC1,500.000000,391.838353,108.161647,400.429228,0.800000,0.050000,0.500000,True,True,False,True,True,Ready,False,True,Safety checks passed
1785279425.202306,0,TC1,110.000000,0.000000,110.000000,10.000000,0.800000,0.050000,0.000000,True,True,False,True,True,Disabled,False,True,Safety checks passed
1785279425.326181,0,TC1,110.000000,3.586416,106.413584,20.000000,0.800000,0.050000,0.000000,True,True,False,True,True,Ready,False,True,Safety checks passed
1785279425.451485,0,TC1,110.000000,11.644045,98.355955,30.000000,0.800000,0.050000,0.000000,True,True,False,True,True,Ready,False,True,Safety checks passed
1785279425.576791,0,TC1,110.000000,18.281376,91.718624,40.000000,0.800000,0.050000,0.000000,True,True,False,True,True,Ready,False,True,Safety checks passed
1785279425.701696,0,TC1,110.000000,28.809004,81.190996,50.000000,0.800000,0.050000,0.000000,True,True,False,True,True,Ready,False,True,Safety checks passed
1785279425.827439,0,TC1,110.000000,39.122899,70.877101,60.000000,0.800000,0.050000,0.000000,True,True,False,True,True,Ready,False,True,Safety checks passed
1785279425.950950,0,TC1,110.000000,46.662989,63.337011,54.556058,0.800000,0.050000,0.000000,True,True,False,True,True,Ready,False,True,Safety checks passed
1785279426.076081,0,TC1,110.000000,49.526128,60.473872,52.644041,0.800000,0.050000,0.000000,True,True,False,True,True,Ready,False,True,Safety checks passed
1785279426.201851,0,TC1,110.000000,51.043057,58.956943,51.801203,0.800000,0.050000,0.000000,True,True,False,True,True,Ready,False,True,Safety checks passed
1785279426.326700,0,TC1,110.000000,51.316089,58.683911,51.949045,0.800000,0.050000,0.000000,True,True,False,True,True,Ready,False,True,Safety checks passed
1785279426.451373,0,TC1,110.000000,51.625635,58.374365,52.064830,0.800000,0.050000,0.000000,True,True,False,True,True,Ready,False,True,Safety checks passed
1785279426.576092,0,TC1,110.000000,51.783372,58.216628,52.302237,0.800000,0.050000,0.000000,True,True,False,True,True,Ready,False,True,Safety checks passed
1785279426.701688,0,TC1,110.000000,52.036442,57.963558,52.463509,0.800000,0.050000,0.000000,True,True,False,True,True,Ready,False,True,Safety checks passed
1785279426.826539,0,TC1,110.000000,52.190820,57.809180,52.701147,0.800000,0.050000,0.000000,True,True,False,True,True,Ready,False,True,Safety checks passed
1785279426.951166,0,TC1,110.000000,52.438928,57.561072,52.861181,0.800000,0.050000,0.000000,True,True,False,True,True,Ready,False,True,Safety checks passed
1785279427.076274,0,TC1,110.000000,52.590311,57.409689,53.098969,0.800000,0.050000,0.000000,True,True,False,True,True,Ready,False,True,Safety checks passed
1785279427.201960,0,TC1,110.000000,52.839419,57.160581,53.259263,0.800000,0.050000,0.000000,True,True,False,True,True,Ready,False,True,Safety checks passed
1785279427.326195,0,TC1,110.000000,52.991272,57.008728,53.491913,0.800000,0.050000,0.000000,True,True,False,True,True,Ready,False,True,Safety checks passed
1785279427.451974,0,TC1,110.000000,53.234565,56.765435,53.654117,0.800000,0.050000,0.000000,True,True,False,True,True,Ready,False,True,Safety checks passed
1785279427.578542,0,TC1,110.000000,53.439077,56.560923,53.848457,0.800000,0.050000,0.000000,True,True,False,True,True,Ready,False,True,Safety checks passed
1785279427.700717,0,TC1,110.000000,53.587346,56.412654,54.074490,0.800000,0.050000,0.000000,True,True,False,True,True,Ready,False,True,Safety checks passed
1785279427.826851,0,TC1,110.000000,53.761893,56.238107,54.289655,0.800000,0.050000,0.000000,True,True,False,True,True,Ready,False,True,Safety checks passed
1785279427.950974,0,TC1,110.000000,54.020334,55.979666,54.430291,0.800000,0.050000,0.000000,True,True,False,True,True,Ready,False,True,Safety checks passed
1785279428.076828,0,TC1,110.000000,54.168681,55.831319,54.662765,0.800000,0.050000,0.000000,True,True,False,True,True,Ready,False,True,Safety checks passed
1785279428.200762,0,TC1,110.000000,54.408833,55.591167,54.815168,0.800000,0.050000,0.000000,True,True,False,True,True,Ready,False,True,Safety checks passed
1785279428.326561,0,TC1,110.000000,54.555825,55.444175,55.046197,0.800000,0.050000,0.000000,True,True,False,True,True,Ready,False,True,Safety checks passed
1785279428.451273,0,TC1,110.000000,54.794934,55.205066,55.199269,0.800000,0.050000,0.000000,True,True,False,True,True,Ready,False,True,Safety checks passed
1785279428.576666,0,TC1,110.000000,54.940957,55.059043,55.427763,0.800000,0.050000,0.000000,True,True,False,True,True,Ready,False,True,Safety checks passed
1785279428.700750,0,TC1,110.000000,55.177581,54.822419,55.578479,0.800000,0.050000,0.000000,True,True,False,True,True,Ready,False,True,Safety checks passed
1785279428.828712,0,TC1,110.000000,55.372855,54.627145,55.771899,0.800000,0.050000,0.000000,True,True,False,True,True,Ready,False,True,Safety checks passed
1785279428.951022,0,TC1,110.000000,55.517232,54.482768,55.989389,0.800000,0.050000,0.000000,True,True,False,True,True,Ready,False,True,Safety checks passed
1785279429.213171,0,TC1,110.000000,55.834542,54.165458,56.445429,0.800000,0.050000,0.000000,True,True,False,True,True,Ready,False,True,Safety checks passed
